x1,x2,y
0.5850919439141086,1.0,0.0
-3.003925009017392,-0.0,1.0
1.1599543039483677,1.0,0.0
2.6738047536473935,-0.0,0.0
0.8788801368623586,1.0,0.0
-0.47210391725331635,-0.0,1.0
0.37820394195146034,1.0,0.0
1.5595315270682342,1.0,0.0
-0.21996608451255995,-0.0,1.0
-1.7234528633872404,-0.0,1.0
-2.2042149767135637,1.0,1.0
-0.03645059594262545,-0.0,1.0
0.5975926541577887,-0.0,1.0
-0.48008224733509464,-0.0,1.0
-1.1695358207355884,-0.0,1.0
3.3743222147224197,-0.0,0.0
0.25569447377858867,-0.0,1.0
-1.5166788209623965,1.0,0.0
2.8270113999143405,1.0,0.0
-1.6128960833755128,-0.0,1.0
-3.2052027521521325,1.0,0.0
-1.623705604260693,-0.0,1.0
2.985111871511757,-0.0,0.0
-2.6318246760213913,-0.0,1.0
-1.0977609037355762,1.0,0.0
1.0292457284944403,-0.0,1.0
-1.6544993461236306,1.0,1.0
0.15755182513552257,-0.0,1.0
2.156501100211376,1.0,0.0
-0.6146604809530619,1.0,1.0
0.7988282697985923,-0.0,0.0
2.2469615279463815,-0.0,0.0
-3.7916080877533673,1.0,1.0
-0.018229234712988207,-0.0,0.0
-1.6260949477015638,1.0,1.0
-1.3571394201080746,-0.0,1.0
-0.7822903579671978,-0.0,1.0
0.7003695688443442,-0.0,0.0
2.945008863171973,1.0,0.0
1.5464722031726605,1.0,0.0
-1.3207343878007243,-0.0,1.0
-0.13147526507297425,-0.0,1.0
0.09580877054244585,-0.0,0.0
0.6618271306401995,1.0,0.0
0.911709885334228,-0.0,1.0
-0.27893764313623604,-0.0,1.0
1.284559766880622,-0.0,1.0
0.46450979167776085,1.0,0.0
-0.8975695281522154,-0.0,1.0
-1.9762464258361145,-0.0,1.0
1.1307791518480546,1.0,0.0
-1.1755437655979124,1.0,0.0
-0.6049385021478428,-0.0,1.0
1.0139821869245251,1.0,0.0
0.2649902043317651,-0.0,1.0
0.4845339328324356,1.0,0.0
-1.2230649395702682,-0.0,1.0
-3.617506282881032,-0.0,1.0
-2.5160343613968745,-0.0,1.0
1.411437111972862,1.0,0.0
-3.96168402082438,-0.0,1.0
2.21775430325041,-0.0,0.0
-0.7433627234979423,-0.0,1.0
-1.7640773230636726,-0.0,0.0
-0.9000318642119165,-0.0,1.0
0.15592513946738795,-0.0,1.0
0.6441185924279,1.0,0.0
-2.694412495109124,1.0,1.0
0.861405522247034,1.0,0.0
-0.1413387845090216,-0.0,1.0
1.1904422472100493,1.0,0.0
-0.4970460493880189,1.0,0.0
1.5184022956522312,1.0,0.0
1.803413045012968,-0.0,0.0
1.752389011099958,-0.0,0.0
0.6572183079059624,-0.0,0.0
-2.068139994224741,1.0,1.0
0.9994814111436255,-0.0,0.0
1.7874251487195516,1.0,0.0
2.5388898623203744,-0.0,0.0
0.21169575675792773,-0.0,0.0
0.9653819519576666,1.0,0.0
1.7786473487215804,1.0,0.0
-1.9340027746122634,-0.0,1.0
-1.2764161743922835,1.0,0.0
0.5248815240987605,-0.0,1.0
-1.6810901596520553,-0.0,1.0
-1.4845814892053237,-0.0,0.0
0.8128605672722002,-0.0,0.0
0.9807743641888801,-0.0,0.0
0.9116484982612137,1.0,0.0
2.084420860636378,-0.0,0.0
-1.0195716134045831,1.0,1.0
1.598075105306258,-0.0,1.0
-0.14463863302804436,-0.0,1.0
1.1104533541309647,1.0,0.0
-0.42980125047077145,-0.0,1.0
-0.7678960563510582,1.0,0.0
-0.43462761024694285,1.0,0.0
-0.691264871091338,-0.0,1.0
-0.16561809491574975,1.0,0.0
-0.8101416041384738,-0.0,1.0
-2.7785691260680965,-0.0,1.0
-0.901051706240564,1.0,1.0
0.920022545164418,-0.0,1.0
-1.4951442731982632,1.0,1.0
-2.0117238758639613,-0.0,1.0
0.5480715713423538,1.0,0.0
-2.5019971435875736,1.0,0.0
0.5750883608303716,-0.0,1.0
0.2453602720727026,1.0,1.0
-1.9398791763968264,1.0,1.0
1.9377971296730898,1.0,0.0
-1.8189460830927824,1.0,0.0
-1.2067483352346748,1.0,0.0
1.811482666148546,-0.0,0.0
-0.9389863848050983,-0.0,0.0
1.3088939413399439,1.0,0.0
2.3277112926682086,1.0,0.0
-2.103478274423188,1.0,1.0
-2.3966138753022257,-0.0,1.0
0.020420542804544417,1.0,0.0
-1.0555473110239626,1.0,1.0
-0.5450386139771377,1.0,0.0
1.6205037605240764,1.0,0.0
-1.6970762950417893,-0.0,1.0
-0.8632283893832464,-0.0,1.0
1.480868126682809,1.0,0.0
1.5264579353773366,1.0,0.0
-1.1658624065264007,-0.0,1.0
0.6372989971158887,1.0,0.0
-1.3018470321899627,-0.0,1.0
-0.4959523068666257,-0.0,1.0
-1.2744598406786802,1.0,0.0
-0.7977681785279632,1.0,1.0
-1.1590800640300936,-0.0,1.0
2.8741938628739687,1.0,0.0
3.830373364930764,1.0,0.0
-1.3677064156362597,-0.0,1.0
-0.18196756342252773,1.0,0.0
-1.1136180476380408,-0.0,1.0
2.229617039420293,1.0,0.0
2.3989657064240935,1.0,0.0
-2.920280360952285,1.0,1.0
1.1305535185927285,1.0,0.0
0.6256517633058898,-0.0,0.0
-1.2906956394858549,1.0,0.0
0.12773200146589792,-0.0,0.0
1.147463488021616,1.0,0.0
-0.04257006295479515,-0.0,1.0
0.7106221606879208,1.0,0.0
-3.2150311324516867,-0.0,1.0
-1.3681299248915524,1.0,0.0
1.714823499824527,1.0,0.0
-0.4152673269638829,1.0,0.0
-1.4782514197764531,1.0,1.0
-1.0732492701269358,-0.0,1.0
1.4835852397958083,-0.0,0.0
-0.5715168014327074,-0.0,1.0
-0.32604850961853105,-0.0,1.0
0.6379966047675254,1.0,0.0
1.2482944532698772,-0.0,1.0
-1.1826891246647335,-0.0,1.0
-1.021739789043203,-0.0,1.0
1.488896009594779,1.0,0.0
-1.403257330004703,-0.0,1.0
-0.290695801189632,-0.0,1.0
-0.32726009546089174,1.0,0.0
1.0790523853886635,-0.0,1.0
-1.3280952191889304,-0.0,1.0
-1.0401680514901197,1.0,1.0
2.108842075861735,1.0,0.0
-0.7520337979195704,1.0,1.0
2.2128364637821716,1.0,0.0
0.29267775151633013,-0.0,1.0
-0.02590570006190196,1.0,1.0
-1.4735778326805775,1.0,0.0
-2.571558373118078,1.0,1.0
1.8103545930809675,1.0,0.0
-1.9402777920915164,-0.0,1.0
2.4708960272331684,-0.0,0.0
0.8037324339302999,1.0,0.0
2.08251981763299,-0.0,0.0
0.7191315269441195,-0.0,0.0
-2.445412065145219,1.0,1.0
-1.0288812039105402,1.0,1.0
-0.8268278127767048,-0.0,1.0
0.9919310293850404,1.0,0.0
0.8248297752415532,-0.0,1.0
-1.2022233962062423,-0.0,1.0
-0.33786723537525054,1.0,0.0
0.9234200020392258,1.0,0.0
-0.3669472625835911,-0.0,1.0
3.9958720433655044,-0.0,0.0
1.6535804723403023,1.0,0.0
-0.7989926858092267,1.0,0.0
-3.050236138602212,-0.0,1.0
0.43935695871408065,-0.0,0.0
2.3861245250049326,-0.0,0.0
-0.766919779030774,-0.0,1.0
-0.7218308756602456,1.0,0.0
0.07515229751878416,1.0,0.0
1.0515141752024877,1.0,0.0
0.7791023534264732,1.0,0.0
1.4406505163125243,-0.0,0.0
1.4267117664508113,1.0,0.0
-0.6658741811580593,-0.0,1.0
-0.6395725106921439,-0.0,1.0
-2.1019176833431668,1.0,1.0
-0.6126286333909021,-0.0,1.0
1.609584496764005,1.0,0.0
-1.1805878156834915,1.0,1.0
0.42131039102692847,1.0,0.0
-1.8977352427071676,1.0,1.0
1.9923534581098807,1.0,0.0
4.2478142656470705,-0.0,0.0
2.3921446628593688,1.0,0.0
-3.6483301033934614,1.0,1.0
2.8290396674539355,1.0,0.0
-1.306313267356937,-0.0,1.0
0.29936666751262664,1.0,0.0
-0.8481875404962529,-0.0,1.0
-0.7669985959443321,-0.0,1.0
-4.029504716647665,1.0,1.0
-2.5412675219508953,-0.0,1.0
-0.1689919780028758,-0.0,1.0
-1.8448799895700496,-0.0,1.0
-0.5614722443239972,-0.0,1.0
1.161917091091159,-0.0,0.0
-1.0437306169370761,-0.0,1.0
0.6423930439184673,-0.0,1.0
1.1222572462458296,1.0,0.0
-0.7102370847231345,-0.0,1.0
0.8201350273044534,1.0,0.0
2.50134738963062,1.0,0.0
-3.1426176376939376,1.0,1.0
-0.6282323564356024,-0.0,1.0
-0.08404673797383488,-0.0,1.0
0.6204131611170896,1.0,0.0
0.8277568865454645,-0.0,1.0
-1.1197144770912626,-0.0,1.0
1.0254945385761243,-0.0,1.0
-1.0191026300656232,-0.0,1.0
0.03701187086942381,-0.0,1.0
-1.033003702999121,1.0,0.0
1.3321723643098893,-0.0,1.0
-1.807103832434112,-0.0,1.0
-0.2998236639081999,-0.0,1.0
-0.3292175565203995,1.0,1.0
1.397437263442233,1.0,0.0
0.8865778745037922,-0.0,0.0
-2.3695287619533154,1.0,1.0
1.614205457211662,1.0,0.0
-0.9095377464238045,-0.0,1.0
-0.28044694543393067,-0.0,1.0
0.09768786572860821,-0.0,1.0
1.7087716005243816,1.0,0.0
0.6303192514741105,-0.0,0.0
-1.3710982534007556,-0.0,1.0
-1.885003219261435,-0.0,0.0
0.47020335808935865,1.0,0.0
-0.6161867025288843,1.0,0.0
1.0516987117127974,1.0,0.0
1.6909469956257928,1.0,0.0
0.9670562542426596,1.0,0.0
-2.2853206320551855,1.0,1.0
3.121545443426164,-0.0,0.0
1.3510420121281714,1.0,0.0
0.9313912986613484,-0.0,0.0
-0.42438456626254895,1.0,0.0
2.226686518484124,-0.0,0.0
-1.6252035167382637,-0.0,1.0
1.1996514765817614,1.0,0.0
0.5294617244998259,-0.0,0.0
0.4311615372964237,-0.0,1.0
-0.6898963481529337,-0.0,1.0
4.018373352002433,1.0,0.0
-0.3805280793796848,-0.0,1.0
-4.921445163882196,1.0,1.0
-1.8852688385838503,-0.0,1.0
-1.5949204034645856,-0.0,1.0
-3.4178755627259747,1.0,1.0
-1.2920489784243654,-0.0,1.0
1.661837790219497,1.0,0.0
1.3621459036423549,1.0,0.0
-2.1903720621450047,-0.0,1.0
2.7535551362110606,1.0,0.0
0.3085063153362433,-0.0,1.0
-0.22433429513084324,1.0,1.0
0.2800018235797075,-0.0,1.0
0.033406540797689566,-0.0,1.0
-2.5650901645377844,1.0,0.0
-0.3778324686864808,-0.0,1.0
2.198308071062252,1.0,0.0
-3.256896941938208,1.0,1.0
0.9903222974178609,-0.0,1.0
0.7969162465482758,1.0,0.0
0.3398769096806946,1.0,0.0
-1.6449298561816792,1.0,0.0
1.214745569351593,1.0,0.0
2.135653265063464,1.0,0.0
1.4147698602682257,1.0,0.0
1.186983806241507,-0.0,1.0
-0.8485854709423553,-0.0,1.0
1.1164055791472325,1.0,0.0
0.5034602006924184,-0.0,0.0
-0.05490669240906332,-0.0,1.0
0.8897414963906509,1.0,0.0
0.4288406060003501,-0.0,0.0
3.711199343081174,-0.0,0.0
0.7660193838164524,1.0,0.0
0.43004093616298844,-0.0,0.0
0.5882670821968665,-0.0,0.0
-0.08234216794436766,1.0,0.0
1.2289683317648121,1.0,0.0
1.2905195185622866,-0.0,0.0
-1.136676945453745,-0.0,1.0
0.2580398098294706,-0.0,0.0
-0.8795483001005887,-0.0,1.0
1.0933150791745985,-0.0,0.0
0.7835430854743042,-0.0,1.0
1.949970154794459,1.0,0.0
1.6296227388032516,-0.0,0.0
-0.3721344919118639,1.0,1.0
0.9081848334228716,1.0,0.0
2.3420579442462195,-0.0,0.0
1.1307754164387733,1.0,0.0
-1.0265980701439499,-0.0,1.0
0.9815617758941603,1.0,0.0
2.176951378732551,1.0,0.0
0.25908110389564176,-0.0,0.0
0.4302231085740553,-0.0,1.0
3.381215430980796,1.0,0.0
-0.6340366365544097,-0.0,1.0
-1.1889548179768228,-0.0,1.0
-0.9807643473289694,1.0,1.0
1.93216529528453,1.0,0.0
0.26260422820559803,-0.0,1.0
-1.061921082463101,1.0,1.0
-1.2042352320895309,1.0,0.0
0.5019286569946493,1.0,0.0
1.6210285480971902,-0.0,1.0
0.30957125710987454,-0.0,1.0
-0.666658557640337,-0.0,1.0
-1.1560516330419897,1.0,0.0
0.2062724032306784,1.0,0.0
-2.434894922176905,1.0,0.0
1.2137963220039472,-0.0,0.0
-0.5346024774591404,-0.0,1.0
0.8480644078580573,-0.0,1.0
0.7525528489883303,-0.0,0.0
-1.6247455506616613,1.0,1.0
-0.8816366324927352,-0.0,1.0
0.5174809388862087,-0.0,1.0
-2.5251153319985766,-0.0,1.0
1.8473534627680424,1.0,0.0
-1.3419648108136857,-0.0,1.0
-1.887978856490543,-0.0,1.0
-0.6527896646795563,-0.0,1.0
2.568214357196476,1.0,0.0
0.11147831289070842,-0.0,1.0
-1.714414809871701,1.0,1.0
-2.8154713976855046,-0.0,1.0
-3.2831118471648693,-0.0,1.0
-1.6783468930196497,-0.0,1.0
-0.36224195416701,-0.0,1.0
-2.832455157028628,1.0,1.0
-1.7203165168841847,-0.0,1.0
-1.0138051312911105,-0.0,1.0
1.4857672599108893,1.0,0.0
-1.839100142871152,-0.0,1.0
-4.418351204288373,1.0,1.0
-1.636547526818934,1.0,0.0
1.429669300069808,-0.0,0.0
-2.8004359690222285,1.0,1.0
1.143904328541912,1.0,0.0
0.7863287416301123,1.0,1.0
1.948940069777124,1.0,0.0
0.48202362741371374,-0.0,0.0
-1.3572705632571984,1.0,0.0
1.9290232692448237,-0.0,0.0
1.508871095751013,1.0,0.0
-2.684836241646718,1.0,1.0
2.0498910959818994,-0.0,0.0
1.9341486727593566,1.0,0.0
0.1339592356859025,1.0,0.0
-1.1508636624768886,-0.0,1.0
-0.960527890986896,1.0,1.0
2.41837013427486,1.0,0.0
-2.176417238316516,1.0,0.0
1.2386687823177658,1.0,0.0
0.33653847190553876,1.0,0.0
-0.051312624449517785,-0.0,1.0
-1.2478697743385714,-0.0,1.0
0.42341008816447534,-0.0,1.0
-0.16021283703914158,-0.0,1.0
-0.8762826610721706,1.0,1.0
-2.623418012557978,-0.0,1.0
-0.7439192659966083,1.0,0.0
-2.4836015303770296,1.0,1.0
1.6723401272118013,-0.0,1.0
-2.3994647993657288,1.0,1.0
0.9333406985131331,1.0,0.0
1.5851003402657544,1.0,0.0
0.9229180576926564,1.0,0.0
1.919529211839831,1.0,0.0
-0.38353449638962944,-0.0,1.0
-1.9848116609590394,-0.0,1.0
-1.0157614089556497,-0.0,1.0
0.8677704444257481,-0.0,1.0
0.5868513252674992,-0.0,1.0
-0.27401561943902886,1.0,0.0
2.6509930070103755,-0.0,0.0
-0.4591581053869829,-0.0,1.0
-2.7200642725240236,1.0,1.0
2.9825970140296825,1.0,0.0
-1.556748478636291,-0.0,1.0
-0.8196186316342926,1.0,1.0
4.496244660929882,1.0,0.0
-1.7043099859410762,1.0,1.0
1.1802382973684373,1.0,0.0
0.786186381068221,-0.0,0.0
-0.5811851286937673,1.0,1.0
0.19412868668327588,-0.0,1.0
-0.42868397269593106,1.0,1.0
0.053366374026862395,1.0,1.0
-0.8195755599725565,-0.0,1.0
-1.860960817105953,1.0,1.0
-1.7772422494844375,-0.0,1.0
0.23899640969298086,-0.0,1.0
1.6032659413681802,1.0,0.0
-0.16325849290979655,-0.0,1.0
0.24558381455586675,1.0,0.0
0.9985633330470332,-0.0,1.0
-0.28594036361536124,1.0,0.0
0.36728181504113033,-0.0,1.0
-1.8047695959654724,-0.0,1.0
-3.088808029104582,-0.0,1.0
-0.1977038194858216,1.0,0.0
-2.1165698301010334,-0.0,1.0
-0.6143249277517027,-0.0,1.0
-0.2905742946020694,-0.0,1.0
0.6156985372869767,-0.0,0.0
-2.508838861421909,-0.0,1.0
0.7965035391948306,1.0,0.0
1.5312267421823937,1.0,0.0
0.37749390418920203,1.0,0.0
-3.5577171201524003,1.0,1.0
1.7108767638849534,1.0,0.0
0.6499994367525841,-0.0,1.0
1.3358997775737504,-0.0,0.0
-0.49717049723473394,-0.0,1.0
0.5779931034517017,-0.0,0.0
-0.9839413852002599,1.0,0.0
0.06974745263973181,1.0,0.0
-0.4099578884475348,1.0,0.0
0.7892802759585831,-0.0,1.0
-0.8091410457225112,-0.0,1.0
0.34449177360017036,1.0,0.0
3.369916753311001,-0.0,0.0
-0.9397894039818455,-0.0,1.0
1.1566506168577897,-0.0,0.0
0.49209900240803783,1.0,0.0
-1.5096711636590165,-0.0,1.0
3.14971128004361,1.0,0.0
-0.019755680030079992,1.0,0.0
-0.7144791407208699,1.0,0.0
1.6091694738231226,-0.0,1.0
-2.5543506760107535,1.0,1.0
-2.1782427512034737,1.0,1.0
-0.6183994474949412,-0.0,1.0
2.080918994859892,1.0,0.0
0.5129036993668288,-0.0,1.0
-2.1157598744245254,1.0,1.0
0.8622906095312262,-0.0,1.0
-2.427827919846098,1.0,1.0
-1.4880198239027747,-0.0,1.0
-1.1107191820781708,1.0,1.0
-2.204816924865961,1.0,1.0
0.07643809295661086,-0.0,1.0
1.1733108849318494,1.0,0.0
0.7702528611350759,-0.0,1.0
0.02069691151738806,-0.0,1.0
-0.6344121773005925,-0.0,1.0
2.7935293041367997,1.0,0.0
1.6826260775425266,-0.0,0.0
1.373344901697659,1.0,0.0
-0.08946935545662205,-0.0,1.0
0.9949512699895882,-0.0,1.0
2.188238939708559,-0.0,0.0
-0.069670261857389,1.0,0.0
1.8013031684324214,-0.0,0.0
0.8779474745423096,-0.0,0.0
-1.0468338749979145,-0.0,1.0
1.8197748124776971,-0.0,0.0
-1.273165544965817,1.0,0.0
-1.6187245236530328,-0.0,1.0
2.864711771678234,1.0,0.0
-0.534583038476816,-0.0,1.0
-1.4945085257630237,1.0,1.0
-2.1400809231062388,-0.0,1.0
-0.02861133035843766,1.0,1.0
-0.7012543282312365,1.0,0.0
-0.8897597601879805,1.0,0.0
0.10340500492464422,-0.0,1.0
-0.013614387207119272,1.0,0.0
-2.722220835447418,1.0,1.0
0.8498404887826241,-0.0,1.0
-0.4945200138766459,1.0,0.0
-3.7325427663984803,1.0,1.0
-1.101079338310957,-0.0,1.0
2.1432504213576546,1.0,0.0
-1.583362025519392,1.0,1.0
0.7122501626914131,1.0,0.0
0.2259147672636851,1.0,0.0
-1.57261130021566,-0.0,1.0
-0.4358025725387389,-0.0,0.0
1.5314622988016144,1.0,0.0
0.6956752272397353,-0.0,0.0
-0.6961950080018562,1.0,0.0
-1.945665606432359,-0.0,1.0
2.1617553691910776,1.0,0.0
0.8378184048234096,1.0,0.0
-1.0570974734405414,-0.0,1.0
1.9276713903927063,-0.0,0.0
-0.8185871457887708,1.0,0.0
0.9130222438691076,-0.0,1.0
0.04955697850432195,-0.0,1.0
0.08503779350390017,-0.0,0.0
1.2271327211628875,1.0,0.0
-0.8419332639101782,-0.0,1.0
0.6373211003518798,1.0,0.0
-1.4445453709396876,1.0,0.0
-1.2281153069977035,1.0,0.0
-0.15288558198914481,1.0,0.0
0.4523399362380155,1.0,0.0
-0.2831257757145035,1.0,0.0
-3.0314771088254093,-0.0,1.0
0.5762413515162421,1.0,0.0
1.7094994932629115,-0.0,0.0
0.4043180199842923,1.0,0.0
-0.7455661195660828,-0.0,1.0
-2.1569384009276584,-0.0,1.0
0.341626162505861,1.0,0.0
-0.9470214534068969,-0.0,1.0
0.3960006737058963,-0.0,1.0
4.3227812776822905,-0.0,0.0
-0.47410839689970063,-0.0,1.0
-2.3419010175714856,-0.0,1.0
-0.7377055996425996,-0.0,1.0
-0.005956335345819297,-0.0,1.0
-0.10315776142003241,-0.0,1.0
0.8104214029266488,-0.0,0.0
2.968021921457215,1.0,0.0
-1.9876717246292035,-0.0,1.0
-2.678640020391437,-0.0,1.0
2.3448790636234715,1.0,0.0
-0.1200867358131561,-0.0,1.0
0.1893366364115494,-0.0,1.0
0.29431631223783394,1.0,0.0
0.6146467175228936,-0.0,1.0
-0.6693688402131288,-0.0,1.0
1.166130793288614,-0.0,0.0
0.07924874554790673,-0.0,1.0
-2.422019441277921,1.0,1.0
4.73060727399203,-0.0,0.0
0.9168557142581594,1.0,0.0
-1.8059746931645484,1.0,1.0
-0.8836415380121734,1.0,0.0
-1.570241854614862,1.0,1.0
1.5384340812740989,1.0,0.0
-0.4563100481242559,-0.0,0.0
-1.4947741107846497,-0.0,1.0
-0.6980580484724195,1.0,1.0
1.9779396250688528,1.0,0.0
-0.20404207175652123,1.0,0.0
-3.2132999430798392,1.0,1.0
-0.8394087950795304,1.0,0.0
2.4390461950193796,1.0,0.0
0.8407565316687298,1.0,0.0
-0.8094821073829332,1.0,0.0
1.582892088783412,1.0,0.0
0.6336152531592767,1.0,0.0
0.5017072924493817,-0.0,0.0
0.41034532856710826,-0.0,0.0
-0.7797867667261567,1.0,1.0
-0.6175152731594962,1.0,0.0
-0.11026875818324111,-0.0,0.0
0.06524439188095255,1.0,0.0
-0.16104612149358222,-0.0,1.0
0.1788339653623553,1.0,0.0
2.0790295668157768,1.0,0.0
-1.5791812434508443,-0.0,1.0
1.1680480029641496,-0.0,0.0
-2.533753138634581,-0.0,1.0
-0.5564486232216399,-0.0,1.0
-2.1511556503364706,-0.0,1.0
-2.896255497127081,1.0,1.0
1.2785779815967635,-0.0,0.0
-0.7318475212555189,-0.0,1.0
-1.2343154583975031,-0.0,0.0
0.9093679554649562,1.0,0.0
1.204842391418492,-0.0,1.0
0.4928670394402166,1.0,0.0
3.3378181103583326,1.0,0.0
2.521688913960806,-0.0,0.0
-0.08773647901477766,-0.0,1.0
2.3890749011946317,1.0,0.0
-0.6520314967422626,-0.0,1.0
0.5525798870956422,-0.0,0.0
1.8081987946398823,-0.0,0.0
-0.03206175995275928,-0.0,1.0
-1.032950898792273,-0.0,1.0
-1.542758943491637,1.0,0.0
1.8526727033763706,-0.0,0.0
2.170078117720255,1.0,0.0
-2.553657940026981,-0.0,1.0
-0.9391745114232495,1.0,0.0
-0.49044020646544606,-0.0,1.0
4.610950033083828,1.0,0.0
-1.8779687888670487,1.0,1.0
0.41288833403165437,1.0,0.0
-0.506784560072268,-0.0,1.0
-3.4410132841194434,-0.0,1.0
-2.0664171886065565,1.0,1.0
-1.5724657792664796,1.0,0.0
1.968206977676809,-0.0,0.0
2.775505647856259,1.0,0.0
-1.7282214354244518,1.0,1.0
-0.39716686479081986,-0.0,1.0
-0.8117377994767128,1.0,0.0
1.7676379883421975,1.0,0.0
-1.077272636500688,1.0,0.0
0.21774461562423064,-0.0,0.0
-1.0349651037903242,1.0,1.0
-1.482658405354822,-0.0,1.0
-2.5966979496087914,1.0,1.0
2.9151177423171655,-0.0,0.0
1.9454517823745516,1.0,0.0
-0.07416568848677674,1.0,0.0
1.9090607629052354,-0.0,0.0
0.5094766549783382,1.0,0.0
1.5374721499782167,-0.0,0.0
0.8807517789635142,1.0,0.0
-0.8512676605886158,-0.0,1.0
0.8783454354280937,1.0,0.0
-1.369030889067448,1.0,1.0
0.07585983833932186,1.0,0.0
-0.21210946765960026,-0.0,0.0
-2.0468424881325227,1.0,1.0
-0.6417079602937737,-0.0,1.0
-2.2557154004370554,-0.0,1.0
-1.5058857864248316,-0.0,1.0
-0.8190551426759984,-0.0,1.0
-2.819994764491076,-0.0,1.0
-0.5528584688745899,-0.0,1.0
-1.2658084246636991,1.0,0.0
-0.3396511125315155,-0.0,1.0
1.6877873705769266,1.0,0.0
0.9377511222916792,1.0,0.0
0.5400486429394431,-0.0,0.0
-0.9251788850547733,-0.0,1.0
-1.418961026679812,1.0,0.0
-0.9571426427608034,1.0,0.0
-0.6990045365113993,-0.0,1.0
-3.4039425122726157,1.0,1.0
-0.5396783327814321,-0.0,1.0
-1.1640944612280206,1.0,0.0
-1.919300749976321,-0.0,1.0
0.15687785839199808,-0.0,1.0
2.394995429642716,1.0,0.0
-0.04147019871358326,1.0,0.0
0.6456609808674176,-0.0,1.0
1.7717759097867574,-0.0,1.0
2.6623397793566754,1.0,0.0
-0.6472225421305102,-0.0,1.0
-0.11786140268601153,-0.0,1.0
0.0788038203095911,-0.0,1.0
-1.0346604498861254,-0.0,1.0
-1.0081171942936573,1.0,1.0
1.105037872782996,1.0,0.0
-0.020904782918377163,-0.0,1.0
-1.1289558440507101,1.0,0.0
-0.8874523501214877,-0.0,1.0
0.9105633164655869,1.0,1.0
-1.2577843947522238,-0.0,1.0
-0.5796461275197354,-0.0,1.0
-0.2899443122417604,-0.0,0.0
-0.4742884994133071,-0.0,1.0
-0.10529219386396638,1.0,0.0
-0.3462039381221632,-0.0,1.0
1.1906581402174878,1.0,0.0
4.589970728896019,-0.0,0.0
1.6660310797785463,-0.0,0.0
2.773278345653742,-0.0,0.0
-0.6047075043320762,1.0,0.0
-2.1493617608492928,-0.0,1.0
-0.09169314303158282,-0.0,1.0
-0.9919439523798462,-0.0,1.0
0.3694148720945176,1.0,0.0
0.04132842810602788,-0.0,0.0
-2.1580699288269423,-0.0,1.0
0.396524671973413,-0.0,1.0
-0.8462632799903543,-0.0,1.0
-0.05530180298482179,-0.0,1.0
0.15321625423730167,1.0,1.0
-0.016952652934755008,-0.0,1.0
-1.2370170007022807,-0.0,1.0
-0.7150340860948111,-0.0,1.0
0.5287976177006415,-0.0,1.0
1.229377950732195,1.0,0.0
0.5571202535896431,1.0,1.0
-0.5748150306030475,1.0,1.0
0.09142324039288563,-0.0,1.0
-0.8274074467704122,-0.0,1.0
0.001925641079899787,1.0,1.0
-3.6298829361451643,1.0,1.0
-2.0514730290949483,-0.0,1.0
-3.099385266795956,1.0,1.0
2.168660642636188,1.0,0.0
-1.7662769657790842,-0.0,1.0
1.9879140219005893,-0.0,0.0
-3.0782907249987215,1.0,1.0
-2.042865753708533,-0.0,1.0
-0.3698873574764623,1.0,0.0
-1.8115579779922268,-0.0,1.0
0.6622041733529798,-0.0,1.0
1.7083141176558536,-0.0,0.0
-0.830953506059748,-0.0,1.0
2.9038171639395505,-0.0,0.0
-0.6190736002262565,1.0,1.0
-0.5850732788299268,-0.0,1.0
2.7202099257914134,1.0,0.0
0.12705615451421237,-0.0,1.0
-1.1346479083389724,-0.0,1.0
-1.7645393493708874,-0.0,1.0
1.4797787905228676,-0.0,0.0
-0.46159035601238574,1.0,0.0
0.6879133634656678,1.0,0.0
-1.9375189379037971,-0.0,1.0
-2.0143023711880472,-0.0,1.0
-0.06059001746010284,-0.0,1.0
-1.9698167525442662,-0.0,1.0
0.3975610231653812,-0.0,1.0
1.274879357551615,1.0,0.0
-0.2002206391583461,-0.0,1.0
1.496506481161442,-0.0,0.0
-2.2085981114369204,-0.0,1.0
-0.7754958351551624,-0.0,1.0
-1.4208169932238146,1.0,0.0
-0.8287479531043744,1.0,0.0
2.525484454293617,-0.0,0.0
-1.86085009342401,-0.0,1.0
-1.4203046933820436,-0.0,1.0
0.2985003148315175,-0.0,1.0
-0.5879233079160606,-0.0,1.0
-1.716050138231765,-0.0,1.0
-1.5862939650652024,-0.0,1.0
0.6231970426992515,-0.0,1.0
-0.6155804669395863,-0.0,1.0
-0.5722133665037601,1.0,0.0
-2.346926105874015,1.0,1.0
2.5592517710662865,1.0,0.0
-1.467240345620402,-0.0,1.0
-0.5623879449795306,-0.0,1.0
-1.2456804642919632,-0.0,1.0
-2.109934446745616,1.0,0.0
-2.1339792712182666,-0.0,1.0
-1.325166754885291,1.0,0.0
-0.8093462698810991,-0.0,1.0
0.41988542046461375,1.0,0.0
-0.9381450834056156,1.0,1.0
-0.23348536256973274,-0.0,0.0
0.7069528855355697,-0.0,0.0
-2.107709950311995,1.0,1.0
-0.9806110804200783,1.0,0.0
-0.37979284870948726,1.0,0.0
-0.6206233924165663,-0.0,1.0
-0.5921804934271315,-0.0,1.0
3.5103734911704128,1.0,0.0
1.18219753559321,1.0,0.0
-1.1360615739106492,-0.0,1.0
0.9631594690091769,1.0,0.0
0.21210507960963676,1.0,0.0
1.6176432665995335,1.0,0.0
-2.7604779080080037,1.0,1.0
-1.9593205871273458,-0.0,1.0
0.5308299159154659,-0.0,1.0
-2.1619535215306325,-0.0,1.0
0.152396039893975,1.0,0.0
-2.210640717231806,-0.0,1.0
-0.7806685556313468,1.0,0.0
2.16407431778687,1.0,0.0
1.7154373586541185,-0.0,0.0
-0.6447894105736719,-0.0,1.0
0.8300649689101997,-0.0,0.0
1.910532945871714,-0.0,0.0
0.6780237089574757,-0.0,0.0
1.562522023251389,1.0,0.0
2.03604354228512,-0.0,0.0
-0.7101551628222499,-0.0,1.0
-3.2442497632962928,1.0,1.0
0.4144878800419214,1.0,0.0
0.2809574813191321,1.0,0.0
1.9575188058398805,-0.0,0.0
3.7469312857284844,-0.0,0.0
-1.426478678026637,-0.0,1.0
0.23664946363748118,-0.0,1.0
1.4333493419270336,1.0,0.0
-0.6661084559237769,1.0,0.0
0.6129679126429317,1.0,0.0
-1.6799460010652578,-0.0,1.0
1.7461836449399406,1.0,0.0
0.07626927463192845,1.0,0.0
3.865692723239051,-0.0,0.0
0.2657735401823762,-0.0,1.0
0.7027946532587389,1.0,0.0
-0.7236892394090262,-0.0,1.0
-1.9608273885535716,-0.0,1.0
-3.8266543634874655,1.0,1.0
-0.883180472907215,-0.0,1.0
-0.25969567171982544,-0.0,1.0
-0.9970548996807216,1.0,1.0
1.571261716023631,1.0,0.0
2.476126021105185,-0.0,0.0
-1.0524713028240562,-0.0,1.0
0.4936199594168482,1.0,0.0
-0.22490295697735885,1.0,1.0
0.5493802454783255,1.0,0.0
-0.3157146443322978,-0.0,0.0
-0.17609414065636086,-0.0,1.0
1.3540759594347116,1.0,0.0
0.054588513079459,1.0,0.0
1.6690298458300112,1.0,0.0
0.11164867691063807,1.0,0.0
1.0654737992808168,1.0,0.0
-0.3935644622290597,1.0,0.0
0.7016239839520189,-0.0,1.0
-0.5700794426840528,-0.0,1.0
1.1638372559855756,1.0,0.0
0.45327687441639286,1.0,0.0
-1.0934195766394428,1.0,0.0
1.038487155604185,-0.0,0.0
-0.05922799301428583,1.0,1.0
0.2483073240696072,-0.0,1.0
-1.736890598993725,-0.0,1.0
2.1421984937081597,-0.0,0.0
-1.592264137106064,-0.0,1.0
-0.24915744548785024,1.0,0.0
1.215683936724563,1.0,0.0
-2.1190505128043444,-0.0,1.0
-1.618161883848808,-0.0,0.0
2.7101848276621676,-0.0,1.0
-0.7806156904625465,-0.0,1.0
0.5977407942000574,-0.0,0.0
0.5720789006866392,1.0,0.0
-0.3610131720509826,1.0,0.0
2.090064551551797,1.0,0.0
2.779612958692347,1.0,0.0
-1.2776399395925173,1.0,1.0
-2.5510153998644367,1.0,0.0
-1.1554287015935196,-0.0,1.0
-0.9250956224028491,-0.0,1.0
0.142321600319664,1.0,0.0
1.6409650898027903,1.0,0.0
-2.8098929149244043,1.0,0.0
2.278324651830297,1.0,0.0
0.27880377055315964,-0.0,1.0
0.8075741382909423,1.0,0.0
0.27406901712285325,-0.0,1.0
0.8301347483435935,1.0,0.0
-0.056638921427398126,-0.0,1.0
-0.894955374682353,-0.0,1.0
0.48446128719216575,1.0,0.0
-0.4556883498191554,-0.0,1.0
1.6624713076274775,1.0,0.0
-0.747425084395394,-0.0,1.0
0.25881713995159505,-0.0,1.0
0.8745108831109277,-0.0,0.0
1.2605506390752446,1.0,0.0
0.17422463606642946,-0.0,1.0
3.175905976150132,1.0,0.0
-1.9754501410276468,-0.0,1.0
0.9665879079170846,1.0,0.0
0.30520961111811906,-0.0,1.0
-1.7245719151833212,-0.0,1.0
-1.5114547435023933,-0.0,1.0
0.5160290000821164,-0.0,0.0
2.3799553717408206,-0.0,0.0
2.5647710139421163,1.0,0.0
-0.5143367339821752,-0.0,1.0
1.6250559879984205,1.0,0.0
1.017518259941574,-0.0,1.0
-3.032175030346124,1.0,1.0
-0.23547872448644847,-0.0,1.0
1.2062354951130954,1.0,0.0
-1.7094459458461682,-0.0,1.0
-1.2034436410177336,-0.0,1.0
-1.7857673978812425,-0.0,1.0
-0.7169236307692841,1.0,1.0
-0.8014955602017195,1.0,1.0
-0.24681454733276786,-0.0,1.0
-0.20395859892549206,-0.0,1.0
2.2528274968172664,1.0,0.0
3.8685516219986003,1.0,0.0
2.1656412189395944,1.0,0.0
-0.8859792651739532,-0.0,1.0
1.783674937999597,1.0,0.0
-1.5655794701966013,-0.0,1.0
1.2459055144005076,-0.0,0.0
0.2768649736419182,1.0,0.0
2.1139477004879614,1.0,0.0
-1.7324596306986222,1.0,0.0
-0.784785423581247,-0.0,1.0
1.466279587886469,-0.0,1.0
2.3045731238764167,1.0,0.0
-0.9217475608623696,-0.0,1.0
0.8943112794721026,1.0,0.0
0.01671909550113626,-0.0,1.0
-1.490600176616518,1.0,1.0
1.9780244957048942,1.0,0.0
-0.3044103177991291,-0.0,1.0
-0.15872506229866645,-0.0,1.0
1.6784608371678789,-0.0,0.0
0.007503610438028829,1.0,0.0
-0.7070270690291196,-0.0,1.0
0.14177185697667616,1.0,0.0
-3.1195582120523633,-0.0,1.0
-1.953464177188552,1.0,1.0
1.6344125846838082,-0.0,0.0
3.691855089313277,1.0,0.0
-0.5863017312735987,1.0,0.0
-2.183998187708845,-0.0,1.0
-1.1881316771361,-0.0,1.0
0.32668361648941113,-0.0,1.0
1.8112574950142033,-0.0,0.0
1.1417858090927806,-0.0,0.0
-1.883849809328924,1.0,1.0
-0.485258683206348,-0.0,1.0
2.901945083221717,-0.0,0.0
2.5835896157112357,1.0,0.0
0.03344766684598921,1.0,0.0
-0.5236672031354939,-0.0,1.0
3.076378556248802,1.0,0.0
2.3987763420409314,1.0,0.0
-1.8750120596593893,-0.0,1.0
1.467844962227517,1.0,0.0
-1.4045808884363569,-0.0,1.0
1.727295258579222,1.0,0.0
1.263074990014744,1.0,0.0
-2.1234590614506694,-0.0,1.0
2.113966087638169,-0.0,0.0
-0.2695420227033536,-0.0,0.0
1.0783527076905424,-0.0,1.0
0.8184731874402249,-0.0,1.0
1.6691567370516165,1.0,0.0
-0.6900342139404922,-0.0,1.0
2.304980414585457,1.0,0.0
1.3315303909144305,1.0,0.0
3.3050327341325394,1.0,0.0
-1.6033287386959791,-0.0,1.0
0.2228986835051876,1.0,0.0
1.346693146695252,1.0,0.0
-0.8574535760424139,-0.0,1.0
-0.7277820751031515,-0.0,1.0
0.8570251071594664,1.0,0.0
1.8205561673478887,1.0,0.0
3.8633332784646286,1.0,0.0
-0.08345590579155915,1.0,1.0
-1.2984454878730007,-0.0,1.0
1.8094845554258203,1.0,0.0
-2.019859003549355,1.0,1.0
1.6823389597971912,1.0,0.0
-1.5784364657043333,1.0,1.0
-1.9682766133185636,-0.0,1.0
-0.21647233613180372,1.0,0.0
-2.8401244532409704,1.0,1.0
-1.6431074094813454,-0.0,1.0
0.041507435610049326,1.0,0.0
-2.115925280098759,-0.0,1.0
2.732376626313258,-0.0,0.0
-1.4330724223929154,1.0,1.0
1.6126056431092537,1.0,0.0
-2.5847000717163384,-0.0,1.0
-0.32099031166053427,-0.0,1.0
-2.0144793068356037,-0.0,1.0
0.06274073654199164,1.0,0.0
0.8462577917140068,1.0,0.0
-1.5295860421604854,-0.0,0.0
0.9253124493893191,1.0,0.0
0.20628043503872906,-0.0,0.0
-0.6625143895881067,-0.0,1.0
-1.534656193026462,1.0,1.0
0.9829633541622848,1.0,0.0
-1.8335292432167964,1.0,0.0
-0.5039419207788833,-0.0,1.0
0.32100738222847136,-0.0,1.0
0.5660958161955767,1.0,0.0
2.1215326205571223,1.0,0.0
1.8518381775619788,1.0,0.0
-0.4509273004718868,1.0,0.0
1.6315998643684968,1.0,0.0
-1.6626330623932544,-0.0,1.0
0.8410998817181266,1.0,0.0
-0.5270851061222168,1.0,0.0
-0.25060571524448494,-0.0,1.0
2.6886073540323556,-0.0,0.0
-1.4927683063738344,-0.0,1.0
3.211490155032899,-0.0,0.0
-1.8333001256145627,1.0,1.0
0.7686105530940396,1.0,0.0
0.018146679635588803,1.0,0.0
-1.7434548590752903,1.0,1.0
-0.3422500452940572,-0.0,1.0
-1.6365838129604084,-0.0,1.0
-1.2616212581927484,1.0,1.0
-0.34748168781153455,1.0,0.0
-0.5527215368719768,-0.0,1.0
0.3805284037057075,-0.0,1.0
-1.6844378831443636,1.0,1.0
-2.5478786063020333,1.0,1.0
-2.832261051308552,-0.0,1.0
-0.4108076495918134,1.0,0.0
-0.789989295456101,1.0,0.0
-0.2460377982791947,-0.0,1.0
-1.9906907996875902,-0.0,1.0
-0.00951850568641821,-0.0,0.0
1.2520053465064485,1.0,0.0
4.944429158093759,1.0,0.0
-0.2521230827854333,-0.0,1.0
0.7393579333291566,1.0,0.0
2.6540721775468024,-0.0,0.0
1.1134146163206546,1.0,0.0
-2.123353373200386,-0.0,1.0
2.013795430625074,1.0,0.0
0.04202830605807517,1.0,0.0
-0.4248068067147067,-0.0,1.0
1.5458838500828311,1.0,0.0
-0.14754384908924711,-0.0,1.0
1.5897430164085589,1.0,0.0
0.837793684029688,1.0,0.0
-0.2235778500310346,1.0,1.0
-0.37862804640105896,-0.0,1.0
-2.3187155085339755,1.0,0.0
-2.9007508986421437,-0.0,1.0
-1.7876911512739322,1.0,1.0
-0.7388050048787469,-0.0,1.0
-0.3255059590134861,-0.0,1.0
1.0225872328442398,1.0,0.0
-0.20415707455410137,-0.0,1.0
-3.0202560011077204,1.0,1.0
0.6808412185948551,1.0,0.0
-0.8690654906592113,-0.0,1.0
0.6432664960584935,-0.0,1.0
-2.392502565519507,-0.0,1.0
1.3645257481336825,1.0,0.0
1.19065340580199,1.0,0.0
0.2981531954035257,-0.0,1.0
-0.8906155044254824,-0.0,1.0
-0.40746575193362977,1.0,0.0
1.1052339804465912,1.0,0.0
1.4703825216697588,-0.0,0.0
2.779547690813845,-0.0,0.0
-2.7771644554224526,-0.0,1.0
-1.4136188740953202,1.0,0.0
0.1652326621768393,1.0,0.0
0.5952101935134508,1.0,0.0
-0.4665354023705104,-0.0,1.0
-1.6121348861537523,-0.0,1.0
1.8416449227381904,1.0,0.0
-1.3408479509497817,1.0,0.0
3.147756674842155,-0.0,0.0
-0.6131034569057723,-0.0,1.0
0.42803580863386603,-0.0,1.0
1.9523330082334427,-0.0,0.0
-0.10751931894838118,-0.0,1.0
2.574216864219779,1.0,0.0
-1.2629501454313712,-0.0,1.0
4.190766016871829,-0.0,0.0
4.7880212554542165,1.0,0.0
1.794397357060093,-0.0,0.0
-0.46490029785022036,-0.0,0.0
2.874080183274309,1.0,0.0
0.618426556061048,1.0,0.0
1.311607117069129,-0.0,0.0
-0.2196849760933839,1.0,0.0
1.4391592740578985,1.0,0.0
-2.371121810163527,-0.0,1.0
2.1628420399890915,-0.0,0.0
-2.2978397255514373,1.0,1.0
-1.290815959747837,1.0,1.0
2.605558494775196,1.0,0.0
-0.9506330390790769,1.0,1.0
-3.5922619270787495,-0.0,1.0
0.9258902161436277,1.0,0.0
1.0200520566518576,-0.0,0.0
0.8393909141796309,1.0,0.0
0.854555498338001,1.0,0.0
-0.1957805561964212,-0.0,1.0
-2.407453860120718,-0.0,1.0
1.5085358139168443,-0.0,0.0
0.4927450528422125,1.0,0.0
0.7685047794793537,-0.0,0.0
-3.1332645571718754,1.0,1.0
-0.2490814396999671,1.0,1.0
-1.181754616422209,1.0,0.0
-3.526808978798101,-0.0,1.0
-2.3662532002624985,1.0,1.0
0.4243083674841579,-0.0,1.0
-1.4210688538270817,1.0,1.0
1.2901982182492502,1.0,0.0
0.8420483235424656,-0.0,0.0
-0.4001343420144605,1.0,0.0
1.2899741195207874,1.0,0.0
-1.890338109625803,-0.0,1.0
1.1020650146197581,1.0,0.0
-0.7055328910408298,-0.0,1.0
0.5653494282908484,1.0,1.0
-2.6624523644116653,-0.0,1.0
-2.576872689867667,-0.0,1.0
2.53155646842328,-0.0,0.0
-0.9558333091098041,1.0,0.0
-2.043189339697893,1.0,1.0
1.1388748521206586,1.0,0.0
0.6531082651846954,-0.0,0.0
-2.1219265857862855,-0.0,1.0
-0.7145289401385313,-0.0,0.0
4.081615514589032,1.0,0.0
3.0977548825344376,1.0,0.0
2.4276364350432873,-0.0,0.0
-0.3955571649150371,1.0,0.0
-1.0985324232975677,1.0,0.0
-1.3417325513386364,-0.0,0.0
-3.1160355177969454,1.0,1.0
-2.9530856861701733,1.0,1.0
2.4822170043202156,1.0,0.0
-1.9849506215456434,1.0,1.0
1.8244476799744724,-0.0,0.0
1.0873782033262682,1.0,0.0
1.2509974991698563,1.0,0.0
-1.4314658853935414,-0.0,1.0
0.254787335764069,1.0,0.0
-2.462495925215615,-0.0,1.0
-0.6747654492705903,-0.0,1.0
-1.8402641315491821,-0.0,1.0
0.897985521009014,1.0,0.0
-1.2581291983672447,1.0,0.0
0.2620828865666298,1.0,0.0
-0.5016804835653471,-0.0,1.0
1.0756178522687532,-0.0,0.0
-0.7540975577201101,1.0,0.0
-0.4120780409555793,1.0,0.0
1.8954312081348195,-0.0,0.0
-1.0231441844211169,-0.0,0.0
0.1524789744930739,1.0,0.0
0.4131644837085515,1.0,0.0
-1.903113787285053,-0.0,1.0
0.13929156767336504,-0.0,1.0
-1.6762917805004238,1.0,1.0
1.5171775537219891,1.0,0.0
-2.155315408168333,1.0,1.0
-1.7114239914955025,-0.0,1.0
-0.40021704097680466,1.0,0.0
2.705560016984556,-0.0,0.0
4.6027409212092305,1.0,0.0
0.9952019045674729,1.0,0.0
-0.7061245839293109,1.0,0.0
2.8317849540887483,1.0,0.0
3.2496787317147238,1.0,0.0
0.05013072169446198,-0.0,1.0
-2.2367431584324393,-0.0,1.0
0.8229233111038703,1.0,0.0
-2.000706420788696,1.0,0.0
-1.2015586369489704,-0.0,1.0
-0.710107883648869,1.0,0.0
-1.4528377851857428,-0.0,1.0
-0.032265199795038724,-0.0,1.0
-0.09361952182906952,-0.0,1.0
0.6835587636118958,1.0,0.0
-0.3221960711052525,-0.0,0.0
-0.7710556750530588,1.0,0.0
0.23022706802954396,-0.0,1.0
-1.0408948993920781,-0.0,1.0
-1.2053074141567304,-0.0,1.0
-1.1934983035238083,1.0,0.0
1.466634342098489,-0.0,0.0
0.9475517244170519,1.0,0.0
1.6150099051097258,1.0,0.0
1.6456568300532068,1.0,0.0
1.6942069102515638,1.0,0.0
0.4794447127098038,-0.0,0.0
1.4463428842192316,-0.0,1.0
0.17610587382430154,1.0,0.0
0.32436836211266784,-0.0,1.0
2.461854298515216,-0.0,0.0
-0.14974860841998527,-0.0,0.0
2.0073801795819874,1.0,0.0
-1.2371909160958494,-0.0,1.0
-1.2305349946874993,-0.0,1.0
0.35110738119467266,1.0,0.0
0.2205580079455175,1.0,0.0
1.143530301555488,1.0,0.0
0.25198060295819946,-0.0,1.0
1.3699280211622236,1.0,0.0
-1.8956496029984182,-0.0,1.0
-1.9020565410126429,1.0,1.0
-0.5762933319633313,-0.0,1.0
-0.2285937166327432,-0.0,1.0
-0.00693839986756406,-0.0,1.0
-1.5322464305149328,1.0,0.0
2.667613330978075,1.0,0.0
-2.1087667009509774,-0.0,1.0
2.526562318458858,-0.0,0.0
2.2347488358478698,1.0,0.0
-2.855063444393554,1.0,1.0
-1.3533698569368497,1.0,1.0
-0.5273731183024213,-0.0,1.0
-1.5216732929728187,-0.0,1.0
1.1380046147032772,1.0,0.0
1.664034412394813,1.0,0.0
-0.8714110831640053,-0.0,1.0
-1.4479408985544713,1.0,0.0
0.6349892534938506,1.0,0.0
3.279548533063646,1.0,0.0
0.6564398907444013,-0.0,1.0
1.1462978193702917,1.0,0.0
1.3364233866707802,-0.0,0.0
-0.9555487582725826,-0.0,0.0
1.2047268713238326,1.0,0.0
-0.9650013791448315,-0.0,1.0
0.9957659041658751,1.0,0.0
0.17343840549398437,-0.0,1.0
-2.1197682119915866,-0.0,1.0
1.1482743366442516,1.0,0.0
-1.912325801156872,-0.0,1.0
-0.010726646036019138,1.0,0.0
-2.80315067742703,1.0,1.0
-0.8715567530157136,1.0,0.0
1.8471933495754531,-0.0,0.0
0.8449556738965067,1.0,0.0
3.6607816362111683,1.0,0.0
-1.3537223354781627,1.0,1.0
0.5791566101408043,1.0,0.0
-0.5610417467901978,-0.0,1.0
-0.39910691766989614,-0.0,1.0
2.4563517026725386,1.0,0.0
-1.8805940572894086,-0.0,1.0
-2.987241744062458,-0.0,1.0
0.9326730291410403,-0.0,1.0
0.6478585848547938,1.0,0.0
1.4127484994911053,1.0,0.0
-1.290908631099595,-0.0,1.0
1.4227053873304276,-0.0,0.0
-1.0113594257492902,-0.0,1.0
-2.193570447709309,1.0,1.0
-1.0026138739495973,1.0,0.0
-0.7005548585283699,1.0,0.0
-0.02792479529684333,1.0,0.0
-0.8088897058594053,1.0,0.0
0.47761195105688714,1.0,0.0
-0.3091310874486686,-0.0,0.0
-1.0617415338129623,-0.0,0.0
-2.0266893599984552,1.0,1.0
-0.0937886328252624,-0.0,0.0
1.1641747831286768,-0.0,0.0
2.9750200347491096,1.0,0.0
-0.6669691782078024,1.0,1.0
1.0538163440148605,-0.0,1.0
0.9942370206779376,-0.0,1.0
1.924632184950897,1.0,0.0
1.875958499018263,1.0,0.0
2.2715474674800245,-0.0,0.0
-0.9934355025536828,-0.0,1.0
-1.8823167955785705,-0.0,1.0
1.323804961236581,1.0,0.0
1.585515854346418,1.0,0.0
1.756745611164612,1.0,0.0
-0.09749045745939533,1.0,0.0
1.896158242915444,1.0,0.0
0.44212129037020265,1.0,0.0
-0.23036406675990007,-0.0,0.0
2.743861719751833,-0.0,0.0
1.937277358329014,-0.0,0.0
-0.04012635449216706,-0.0,1.0
-1.2525114128469765,-0.0,1.0
-0.5284767392487748,1.0,0.0
1.2046832817447384,1.0,1.0
0.5555090499555995,-0.0,0.0
-1.7477782396914876,-0.0,1.0
-2.2014332230518505,-0.0,1.0
-1.4844222936539246,1.0,1.0
1.043413766605916,1.0,0.0
-2.7797768243927146,1.0,0.0
-0.5102616005337579,1.0,1.0
0.3882196002720666,-0.0,1.0
-0.35705773638781424,1.0,0.0
-0.11163262539492691,1.0,0.0
0.7562311148925907,1.0,0.0
-3.383247147902015,1.0,1.0
1.9193109990341777,1.0,0.0
-1.9229860633529774,-0.0,1.0
-1.1351999706342948,-0.0,1.0
-0.9444166006654959,1.0,1.0
0.7905485974980646,-0.0,1.0
-0.22431735428109167,1.0,0.0
0.8397631811038145,-0.0,0.0
0.16428363669191048,1.0,0.0
-1.976843844316762,-0.0,1.0
-0.8758151901239366,-0.0,1.0
-0.8462407976107997,-0.0,1.0
-1.3260612980468358,1.0,1.0
-1.3657372078561698,-0.0,1.0
-1.6050790361093181,-0.0,1.0
0.020453800425368374,1.0,0.0
0.8234389136050884,1.0,0.0
-0.7644143618970287,-0.0,1.0
-0.19600325013444464,-0.0,1.0
-2.093004384443982,1.0,1.0
3.6736663271816448,1.0,0.0
-0.29664058518814085,1.0,0.0
-1.3987054036818032,1.0,1.0
-0.08059040750666413,1.0,0.0
1.077695114481914,1.0,0.0
-0.4682423906209665,1.0,0.0
1.752186866959959,1.0,0.0
-1.4369520543938106,1.0,0.0
-0.51752427526888,-0.0,1.0
-0.7133799424768883,-0.0,1.0
1.7207295586722329,1.0,0.0
-0.5059514344762919,-0.0,1.0
-1.7073478529569532,-0.0,1.0
-0.3997174900863941,-0.0,1.0
-0.9735668579668049,-0.0,0.0
0.8690093304566786,1.0,0.0
-0.7705977374930487,-0.0,1.0
2.0607086996899353,1.0,0.0
0.08505775400903082,1.0,0.0
1.0638244156831402,-0.0,1.0
-2.467260091066949,-0.0,1.0
0.5045031799019923,1.0,0.0
-1.6256311054698636,1.0,1.0
-0.6927959525467497,1.0,1.0
-1.5343504592341435,1.0,0.0
0.39867219916056074,1.0,0.0
-0.4696796874961543,-0.0,1.0
-1.7012971611495815,1.0,1.0
0.27487213174712677,-0.0,1.0
0.5638501046499864,1.0,0.0
-1.301212109941417,1.0,0.0
0.8468192762751451,-0.0,0.0
-1.4713883197578754,1.0,1.0
-0.5148154450674944,-0.0,1.0
1.685265546726895,-0.0,0.0
0.5607122340961121,1.0,0.0
-2.1708318028021014,-0.0,1.0
-2.9187369503575344,1.0,1.0
-0.7373014990547209,-0.0,1.0
-2.5843375704353395,-0.0,1.0
0.8378016165772663,1.0,0.0
-3.068450076654694,1.0,1.0
-1.3864218315309809,1.0,1.0
1.1866189831346987,1.0,0.0
0.7944781825008218,1.0,0.0
0.8279679631395469,-0.0,1.0
1.360932970815764,1.0,0.0
-1.1449401167317477,-0.0,1.0
-3.514708064826553,-0.0,1.0
-2.069091094257645,1.0,1.0
-0.6343864598286229,-0.0,1.0
0.015253848493509747,1.0,0.0
0.33125867574232515,1.0,0.0
0.9056455652573128,-0.0,1.0
1.4134573870706224,1.0,0.0
-0.9509402260007941,-0.0,1.0
1.4187554769765414,1.0,0.0
0.6373785654118425,1.0,0.0
0.1158822390018881,-0.0,1.0
0.7438667164219201,1.0,0.0
-2.051810142429019,-0.0,1.0
1.2002716762444987,-0.0,0.0
-0.28186489417975846,-0.0,1.0
-0.9252001199299305,1.0,0.0
2.3517273471917814,-0.0,0.0
-0.13430229936483207,-0.0,1.0
-2.2904124009696103,-0.0,1.0
-3.0935987397285354,-0.0,1.0
1.9417667151463291,1.0,0.0
-0.9363749558662708,-0.0,1.0
-0.6415356764149136,1.0,0.0
0.5276885637594191,-0.0,1.0
-0.9501133841317677,-0.0,1.0
1.8632631839642513,1.0,0.0
2.318375823402716,-0.0,0.0
4.151690384150084,1.0,0.0
0.5877900139960517,-0.0,1.0
-2.3531835425605276,1.0,1.0
0.9129371140922089,1.0,0.0
-0.11185604478001798,-0.0,1.0
-1.8626463642633495,1.0,1.0
0.8540710720622068,-0.0,0.0
-3.1139276538323832,1.0,1.0
-1.1907685495005138,1.0,0.0
0.1688562519884943,1.0,0.0
0.16577761176633343,-0.0,1.0
2.7070392446973326,1.0,0.0
-0.6923749418462406,-0.0,0.0
2.631888384576117,1.0,0.0
-0.1340941657758279,1.0,0.0
-1.2544732972073707,1.0,1.0
-1.2505619023606223,-0.0,1.0
2.6357837271635107,-0.0,0.0
-1.5990685039621138,1.0,0.0
0.8928241326689578,1.0,0.0
1.5809672156845065,-0.0,1.0
0.3814015432884784,-0.0,0.0
-1.7961769228338218,-0.0,1.0
-2.7256370774546044,1.0,0.0
-0.06513786014355905,1.0,0.0
1.4956531776869206,1.0,0.0
-0.38731345001947926,1.0,0.0
-0.632521053660656,-0.0,1.0
0.06536596637563619,1.0,0.0
0.030618689398289822,1.0,1.0
-0.5441668076511575,-0.0,1.0
1.9987017549522237,1.0,0.0
-0.4562694991221492,1.0,0.0
-2.7807501182156464,1.0,1.0
-1.7721630361061003,1.0,1.0
-0.6774881601469138,-0.0,1.0
0.012560261810379725,-0.0,1.0
0.10392697623740477,-0.0,0.0
-0.33749012694315383,1.0,0.0
0.2807719531930094,1.0,0.0
0.8237320013748053,1.0,0.0
0.49019648256441783,1.0,0.0
1.8238032136287252,1.0,0.0
1.439824974365332,1.0,0.0
2.3348141594926983,-0.0,1.0
-0.6961988280276337,-0.0,1.0
2.3250931621204813,-0.0,0.0
-0.7950645602823145,-0.0,1.0
1.1052927013887923,-0.0,1.0
0.5859314136035434,-0.0,0.0
0.9028960709692545,1.0,0.0
0.03690866082689759,-0.0,1.0
-0.5437724604766365,-0.0,1.0
1.296656871772679,1.0,0.0
-1.222173052156299,-0.0,1.0
4.049075229816225,1.0,0.0
0.7442811174913844,1.0,0.0
0.14690592015180481,1.0,1.0
1.3282757714875384,1.0,0.0
-1.6819562015579184,-0.0,1.0
-0.3278991988180242,-0.0,1.0
0.8463694426571875,1.0,0.0
-1.5794246533578247,-0.0,1.0
1.715169750238729,1.0,0.0
1.536938866367349,1.0,0.0
1.6276109094815236,-0.0,1.0
1.2960234966554252,1.0,0.0
0.21288772411185863,1.0,0.0
-1.972296919199453,-0.0,1.0
0.8503706150070656,-0.0,1.0
0.7547611980699565,1.0,0.0
0.010050142989743271,1.0,0.0
0.2117228738813386,1.0,1.0
-0.7321010021706025,-0.0,1.0
2.0778263875968848,1.0,0.0
0.790280273040259,1.0,0.0
1.3972106615790163,-0.0,1.0
-2.5991455085125814,1.0,1.0
2.927237963753387,1.0,1.0
-0.8686476513169101,1.0,0.0
-1.8421816725410016,-0.0,0.0
0.5749914856030931,-0.0,0.0
0.3499613176550652,-0.0,0.0
-0.38221446701047534,-0.0,1.0
-0.443875013974123,-0.0,1.0
-0.06662428537665366,-0.0,0.0
2.8412924942040823,-0.0,0.0
-0.7408892735883019,-0.0,1.0
-2.274043796089315,-0.0,1.0
-1.8556259738927041,-0.0,1.0
-1.7725194754567388,-0.0,1.0
-0.6040511494522505,-0.0,1.0
0.43233774287922466,1.0,0.0
1.8628178991476745,1.0,0.0
-2.225974591565216,1.0,1.0
1.994378730244497,1.0,0.0
-1.0507459302986522,-0.0,1.0
-1.3702681076403258,1.0,1.0
-1.4327692753328705,-0.0,1.0
-0.4552726036366417,1.0,0.0
0.6857243902782717,1.0,0.0
1.828089089588178,-0.0,1.0
0.26323004144062934,1.0,0.0
0.4706372340827719,1.0,0.0
-1.502713580046737,-0.0,1.0
-0.3400304733206,-0.0,1.0
0.9164177344737772,-0.0,1.0
-1.2371337989128655,-0.0,1.0
-0.2558661840364632,1.0,1.0
-0.3142108294984074,-0.0,1.0
0.552802972433804,1.0,0.0
-1.600928986854984,1.0,0.0
-0.24767586264712593,-0.0,1.0
-1.6165738433613202,-0.0,1.0
-0.8743066380949212,-0.0,1.0
-2.4876880190759687,1.0,0.0
1.7900015799995082,-0.0,1.0
-0.6302095107523347,1.0,0.0
-0.3663274285449043,-0.0,1.0
-1.8861045166898271,1.0,1.0
0.5915529027599153,1.0,0.0
-0.6961409753226668,-0.0,1.0
-0.26139865462394196,1.0,0.0
-0.9938033980232636,-0.0,1.0
2.351146591298383,1.0,0.0
-0.2737193637288291,-0.0,1.0
-1.1335664428700387,-0.0,1.0
-1.5274432541082414,-0.0,1.0
-1.0098537352260173,-0.0,1.0
-0.6880823688662987,1.0,0.0
0.8508833417634791,-0.0,1.0
-1.7971960272555323,-0.0,1.0
-0.6345509830357297,-0.0,1.0
-2.841361831077314,1.0,1.0
0.6385762953147788,1.0,0.0
-1.9392335103557825,-0.0,1.0
0.46158176303738696,1.0,0.0
-1.4391968172264216,-0.0,1.0
-1.9657669853749917,1.0,1.0
-0.8019099223757111,-0.0,0.0
-0.4993498380312109,1.0,0.0
0.6664535338673073,-0.0,0.0
-2.1570958852176965,-0.0,1.0
0.27234498458694567,1.0,0.0
-0.03056285539656134,-0.0,1.0
-0.9498173458844286,-0.0,1.0
-0.20166770871065298,-0.0,1.0
1.5970684689309889,-0.0,0.0
-0.6522121998535593,1.0,1.0
-0.9139759445809146,1.0,0.0
-1.1368277257004016,1.0,1.0
-0.24154536658230197,1.0,0.0
-2.547774198772209,-0.0,1.0
-0.9314003789081439,-0.0,1.0
0.36332030558353423,1.0,0.0
0.8429840599770949,1.0,0.0
1.3481224526031221,-0.0,0.0
-0.8377868202139891,1.0,0.0
1.1259354785662077,1.0,0.0
-0.3882283852180354,-0.0,1.0
-0.6693963042984985,-0.0,1.0
-0.24803645939913055,-0.0,1.0
4.2248264043776675,-0.0,0.0
-1.335666355652878,-0.0,1.0
0.5989399985344038,1.0,0.0
0.6017161193603406,1.0,0.0
-1.08243257264122,-0.0,1.0
3.114993267008119,1.0,0.0
-1.201960858384187,-0.0,1.0
-0.465638888757855,-0.0,1.0
-0.49425372447621496,1.0,1.0
-1.0918487631207756,-0.0,1.0
1.9133560993298768,1.0,0.0
2.326533519131531,1.0,0.0
-2.386090515314194,1.0,1.0
-2.1519206282101804,1.0,1.0
2.093364657486336,-0.0,0.0
-1.7774684730306052,-0.0,1.0
0.7118995876049135,1.0,0.0
-3.548190183304187,1.0,1.0
-1.1759823878065883,-0.0,1.0
3.099993357856518,1.0,0.0
1.0992222244926344,1.0,0.0
-3.375549944482217,-0.0,1.0
-1.6108613907220855,1.0,1.0
-1.7446509006364574,-0.0,1.0
-1.4564177941283982,-0.0,1.0
1.2932805326485515,-0.0,0.0
1.7461549439177195,-0.0,0.0
-0.9510159372398121,1.0,0.0
-0.6593442287800206,1.0,0.0
-1.2974504353008438,1.0,1.0
-2.9678212930915655,1.0,1.0
1.6905027254250364,1.0,0.0
3.9710847611973166,1.0,0.0
-0.18251152074131716,-0.0,1.0
-1.042356355605414,1.0,1.0
-0.9088117872189215,-0.0,1.0
0.3080742841338624,1.0,0.0
4.682799129471746,-0.0,0.0
1.4066581683306913,-0.0,0.0
-0.40194906711299205,1.0,1.0
-0.9448710827384755,1.0,1.0
-0.6121166839515801,-0.0,1.0
-2.138857367792565,-0.0,1.0
0.5933049118979505,1.0,0.0
1.2909587048677535,-0.0,0.0
0.35276482325493397,-0.0,0.0
0.4624613397098054,-0.0,1.0
-0.09263826571001488,1.0,0.0
0.861192913132062,1.0,0.0
-1.5593701978245518,1.0,0.0
1.1309753908911693,1.0,0.0
1.8715365249866367,1.0,0.0
0.8309460294211058,1.0,0.0
-0.02940639283241886,1.0,0.0
-0.6919035133848004,1.0,0.0
-0.39351793576991534,1.0,1.0
0.7188394110962972,-0.0,1.0
2.2382763506634307,1.0,0.0
-0.469583835866059,-0.0,1.0
-0.3183744644914107,-0.0,1.0
-0.528158690790309,-0.0,1.0
4.268997191174323,-0.0,0.0
0.110435437417431,-0.0,1.0
-1.9428275254399432,-0.0,1.0
-0.41623722170551636,-0.0,1.0
-0.6665130845527897,-0.0,1.0
-0.7199245135002412,-0.0,1.0
-0.5148462142578691,-0.0,1.0
-2.739161509984255,1.0,1.0
-0.2772831412589152,-0.0,1.0
0.8042531532619948,-0.0,0.0
0.7680518303683317,-0.0,1.0
-0.43954367225907187,-0.0,1.0
2.3267882059474507,1.0,0.0
-0.021229891671408985,-0.0,1.0
0.16075870054645347,-0.0,1.0
-1.8631631975413696,-0.0,1.0
0.6795983045960075,1.0,0.0
-0.44254674201796806,-0.0,0.0
1.919263859407426,1.0,0.0
1.9585935658887124,-0.0,1.0
-0.14818807002341172,-0.0,0.0
0.061462294851490906,-0.0,1.0
-1.9000404669297,-0.0,1.0
-2.4665990363679873,1.0,1.0
-0.9808863598323088,-0.0,1.0
-2.566083615731376,-0.0,1.0
-1.4829221043799252,-0.0,1.0
1.6650102773825566,1.0,0.0
-0.3012408831675474,-0.0,1.0
2.2672578230792637,1.0,0.0
1.6569756538867144,1.0,0.0
1.3122301900897528,1.0,0.0
-1.20785551560153,-0.0,1.0
1.1268897406797602,1.0,0.0
1.7349107843902514,-0.0,0.0
-0.8167073640046119,-0.0,1.0
-1.9542019512776783,-0.0,1.0
2.3073652889503693,1.0,0.0
2.3658218835469054,-0.0,0.0
-0.6898360446028147,1.0,0.0
-0.7490465059097539,-0.0,1.0
-2.0547283022568776,1.0,0.0
-0.32109702396987094,1.0,1.0
-0.5561787457214424,-0.0,1.0
-0.541114123802343,-0.0,1.0
-0.8438734141937161,1.0,1.0
-0.3763287469229569,-0.0,1.0
-1.5695277338897125,-0.0,1.0
1.2396364491012435,1.0,0.0
-0.39834410769584805,1.0,0.0
1.8792748513693602,1.0,0.0
2.471010299449934,-0.0,0.0
0.007070610769655872,1.0,0.0
0.9885809458898022,-0.0,0.0
-0.013740853025143274,-0.0,1.0
1.8948766073101644,1.0,0.0
1.9723735893882295,-0.0,0.0
-1.3414765947490737,-0.0,1.0
-2.2344478876355973,1.0,1.0
-4.783983465055517,1.0,1.0
0.41837119964696656,1.0,1.0
-1.0410117858018153,1.0,1.0
-0.7423240052100737,1.0,1.0
1.3078875740361888,1.0,0.0
0.1692519336117717,1.0,0.0
-1.4100656157426945,-0.0,1.0
1.436904420981022,1.0,0.0
-0.7268800543548297,1.0,0.0
1.2418366113446482,1.0,0.0
-0.2521334331670868,-0.0,1.0
-0.27190148196700215,-0.0,1.0
-0.229524836461945,-0.0,1.0
-0.9998301396540844,-0.0,1.0
-0.144491969770835,-0.0,1.0
-1.3610100040822408,-0.0,1.0
-0.9488365946216768,1.0,1.0
2.0149152392175598,-0.0,0.0
1.7226713621664806,1.0,0.0
-0.45962658556119895,1.0,0.0
0.0008719518603435006,-0.0,1.0
-0.7424706412700008,1.0,0.0
-0.20264029253014604,-0.0,0.0
2.0762735179431178,1.0,0.0
-1.851160459647398,-0.0,1.0
-2.7791622392513142,1.0,1.0
0.5690439586262388,1.0,0.0
2.822722407997778,1.0,0.0
2.76986516290329,-0.0,0.0
0.24462241605551205,1.0,0.0
-2.6033933670835516,1.0,1.0
0.10530504724368828,1.0,0.0
0.5783741001532627,1.0,0.0
0.4914350071874656,-0.0,0.0
-0.9957917264788647,-0.0,1.0
0.3120642192055898,1.0,0.0
-2.657245416772075,1.0,1.0
-1.0380452943171843,-0.0,1.0
-0.2997215430100487,-0.0,1.0
0.017750496317703535,-0.0,1.0
-0.7439123160287415,-0.0,1.0
0.25570424579074935,1.0,0.0
-1.3542305125537901,1.0,1.0
-1.0404964944643895,-0.0,0.0
-4.446653019032622,1.0,1.0
0.1035631278082837,1.0,0.0
0.5792216194379254,-0.0,1.0
-2.2809622189184955,1.0,1.0
2.7500127377996897,1.0,0.0
2.49654576839902,1.0,0.0
-0.5281990197696504,1.0,0.0
1.0240139923810967,1.0,0.0
-0.03701294541849154,-0.0,1.0
0.6071490430426991,-0.0,0.0
0.5392264784905751,-0.0,1.0
-1.1862350409337274,1.0,1.0
0.49415549062680697,1.0,0.0
2.5784779729740417,1.0,0.0
-1.1560553841637478,-0.0,1.0
-2.2747628342993726,-0.0,1.0
-1.8957069379273155,1.0,1.0
-1.2857172563763895,1.0,0.0
2.763272729826543,1.0,0.0
-0.598264094307924,-0.0,1.0
1.7330613036156697,1.0,0.0
-0.44761568750152525,-0.0,1.0
1.940934425059955,1.0,0.0
-0.7160818210226796,-0.0,1.0
1.9253908548923995,1.0,0.0
-2.299288621741966,1.0,1.0
0.17215205975338643,1.0,0.0
-3.0649261819958182,-0.0,1.0
-2.0547480515741565,-0.0,1.0
1.7723566329329017,-0.0,0.0
0.5471308102691763,1.0,0.0
2.0321948539673174,-0.0,0.0
0.30818156670241215,-0.0,1.0
0.6112446654087587,-0.0,1.0
0.03642716789558598,1.0,0.0
0.6692942564544508,1.0,0.0
1.276123885272021,1.0,0.0
0.6510837466196111,-0.0,1.0
0.23256114891079271,1.0,0.0
-2.6613284312832834,1.0,1.0
0.8287841210019686,-0.0,1.0
-0.33840454569085376,1.0,0.0
0.47097234681711664,1.0,0.0
-1.9828246317158496,1.0,1.0
1.7419692053595872,1.0,0.0
-0.9436891759895226,-0.0,1.0
1.9947757884340438,-0.0,0.0
0.709914674546257,-0.0,1.0
-1.3900604865057442,1.0,1.0
1.449637902645807,-0.0,0.0
-0.3115856582528991,-0.0,1.0
-0.6754739635135498,-0.0,1.0
-1.1891371500688988,-0.0,1.0
0.6158378041861214,-0.0,1.0
0.6589804644983842,-0.0,0.0
-0.38168143029097723,-0.0,1.0
-0.6857000549962584,-0.0,1.0
-2.1591392406696115,1.0,1.0
-1.7748565227293573,1.0,0.0
-2.461982699973265,-0.0,1.0
1.738360472430942,1.0,0.0
-2.614700702682248,-0.0,1.0
0.17501950040019376,-0.0,1.0
-1.660914692091159,-0.0,1.0
-3.097182445845652,-0.0,1.0
0.00805836283902539,1.0,0.0
-1.469365105121462,-0.0,1.0
-0.5738151571800285,-0.0,1.0
-2.9659851527499157,-0.0,1.0
1.4013506080106914,-0.0,1.0
-0.5206219911468515,-0.0,1.0
-2.611611470486822,1.0,1.0
0.05603331838427672,-0.0,1.0
-1.8470268599590975,1.0,1.0
1.6831470040059613,1.0,0.0
1.0658580619407696,-0.0,0.0
2.02299854570903,-0.0,1.0
2.036682667970476,-0.0,0.0
1.2824980427853805,-0.0,0.0
2.3737010926341435,1.0,0.0
-1.0010511463208642,1.0,0.0
-0.016591642572519882,-0.0,1.0
-1.0979970063710005,-0.0,1.0
-0.5892397045012026,-0.0,1.0
-0.43196390984933286,-0.0,0.0
-1.3427429788485445,1.0,1.0
-0.5008108188590403,1.0,0.0
-0.6611760534928134,-0.0,1.0
-1.4723296997791249,-0.0,1.0
1.7242257688604548,1.0,0.0
1.386627000753231,-0.0,0.0
0.524481146312632,-0.0,1.0
-0.8508354277468422,1.0,0.0
-0.7235417667838284,-0.0,0.0
-1.8355607650108028,1.0,1.0
1.935659698998363,1.0,0.0
-0.5252719847585221,1.0,0.0
-1.7258905714744224,1.0,1.0
0.8539563196896557,1.0,0.0
-0.5010086693677264,-0.0,1.0
0.5506319119202936,1.0,0.0
-0.8321460991168703,1.0,0.0
-2.395448751731016,-0.0,1.0
-1.8049709258399615,-0.0,1.0
1.1573207871645943,-0.0,0.0
3.5204384758961047,1.0,0.0
-0.4132190730198626,-0.0,1.0
0.8904873927372526,1.0,0.0
2.581196571160639,-0.0,1.0
0.40971932244621256,-0.0,1.0
2.9880945852372274,1.0,0.0
0.37156199483947605,1.0,0.0
0.06917585149100425,1.0,0.0
1.9871737118947013,-0.0,0.0
-2.5102297248063765,1.0,1.0
-1.6880361951384328,-0.0,1.0
0.06139437285691818,1.0,0.0
-0.923315597207315,1.0,1.0
-2.3230396173181167,1.0,1.0
-1.5695300409691249,-0.0,1.0
0.28238066274249873,-0.0,1.0
-2.3431115446310615,-0.0,1.0
-2.526571743769728,1.0,1.0
3.2372896656598087,1.0,0.0
1.3990707436229606,-0.0,0.0
-1.5826435267653651,1.0,0.0
0.4556155933563636,1.0,0.0
-0.9602807760371779,-0.0,1.0
1.665779646147134,1.0,0.0
-1.3733838431436616,-0.0,1.0
3.2791232452261476,-0.0,0.0
-0.2787677743636847,-0.0,1.0
-2.2210854736266707,-0.0,1.0
0.08887875365738607,-0.0,1.0
1.125888716171994,-0.0,0.0
-0.008089851929819813,1.0,0.0
0.09920677873297412,-0.0,0.0
0.6876061101924649,-0.0,1.0
-2.94432134612864,1.0,1.0
0.9190016062472885,1.0,0.0
-0.29369096173935827,-0.0,1.0
0.15527957002917092,1.0,0.0
1.595922949597807,-0.0,0.0
1.2531596490654349,1.0,0.0
-2.5577590742787306,-0.0,1.0
-1.5366843816399391,-0.0,1.0
1.2604396286258648,1.0,0.0
-2.5210100971038285,1.0,1.0
0.4799447243132352,1.0,0.0
-0.5307726780726975,-0.0,1.0
-1.446149568074779,-0.0,1.0
0.127259102816357,-0.0,1.0
0.4302886097888461,-0.0,0.0
0.22197584100354528,1.0,0.0
0.6651217786145769,1.0,0.0
2.682505788656936,1.0,0.0
-0.7002215245533989,-0.0,1.0
-0.00815721587649354,-0.0,1.0
0.4109341004442284,1.0,0.0
-1.501778754427376,1.0,0.0
-0.6023916923068511,-0.0,1.0
-0.05895855540520756,-0.0,1.0
-0.7105524974240409,1.0,0.0
-0.2824206434197303,1.0,0.0
0.9932954459891206,1.0,0.0
-0.932670552134904,-0.0,1.0
1.0973302908530194,1.0,0.0
1.5125540929165915,1.0,0.0
-1.2519684629028012,-0.0,1.0
-1.0805458578639318,1.0,0.0
0.22198090219198063,1.0,0.0
-0.49287650261680804,-0.0,1.0
2.6877319747257427,-0.0,0.0
-2.640423971415677,-0.0,1.0
-0.8534321742153324,-0.0,1.0
-0.9853763040745696,1.0,0.0
2.341169679677907,-0.0,0.0
-1.4137284947391262,-0.0,1.0
1.447697101501504,1.0,0.0
-0.6861369533669694,-0.0,1.0
-1.3609814695504385,-0.0,1.0
1.092708347934496,1.0,0.0
0.3450133767104526,-0.0,1.0
1.01077737631647,-0.0,0.0
-1.142361013046767,1.0,0.0
-0.479052503572339,-0.0,1.0
-1.460931201349752,1.0,1.0
-1.7878233669895733,1.0,1.0
-0.00227053206755623,1.0,0.0
2.1727649602201002,-0.0,0.0
-1.564360184398193,-0.0,1.0
0.9839787490017614,-0.0,0.0
2.454199958948516,1.0,0.0
-1.4987410353605242,-0.0,1.0
-0.5188219686095978,1.0,0.0
-1.5692217492868181,-0.0,1.0
2.796312388116508,-0.0,0.0
1.0251323418617984,-0.0,0.0
1.6193275043887754,-0.0,1.0
-1.274356609249165,1.0,1.0
0.18510708894049666,-0.0,1.0
2.157392468379724,1.0,0.0
-0.2831041632725866,1.0,0.0
3.811635363299565,1.0,0.0
1.1838720058721248,1.0,0.0
0.03004100371686258,1.0,0.0
1.5626449111807044,1.0,0.0
-0.8335698588684455,1.0,1.0
-1.8295803549360279,-0.0,1.0
-0.7683107382727312,-0.0,1.0
-0.8621358056449548,1.0,0.0
0.22181955619588722,1.0,0.0
3.099954279042328,1.0,0.0
1.3760297664421515,1.0,0.0
0.9136091265602895,1.0,0.0
0.950404071110297,1.0,0.0
-2.7267472503703294,1.0,1.0
-1.1507345063979422,-0.0,1.0
0.3909353716669681,-0.0,1.0
0.3264239793295244,1.0,0.0
1.4851573481021452,1.0,0.0
-1.074764565677286,-0.0,1.0
1.6251829278162442,1.0,0.0
0.834386351682292,-0.0,0.0
-2.2218420243381347,-0.0,1.0
-2.4414616763371364,-0.0,1.0
0.8343356983939478,-0.0,1.0
1.1677595719770815,1.0,1.0
-1.5669057897949727,1.0,1.0
2.3385507160382177,1.0,0.0
0.8978518980386458,-0.0,1.0
2.252365520566354,1.0,0.0
1.655666514901496,1.0,0.0
0.32910945495415955,1.0,0.0
-1.0443416695558685,-0.0,1.0
-0.6628401652597797,-0.0,1.0
0.35563301599036956,-0.0,1.0
-3.492464420922235,1.0,1.0
-0.857744574573857,1.0,0.0
-1.1167098731739138,-0.0,1.0
3.5157211996344095,-0.0,0.0
0.682419176943269,-0.0,1.0
2.9987965796862888,1.0,0.0
-1.0898329290189464,-0.0,1.0
-0.45848817463564295,-0.0,1.0
-1.4885893167624658,1.0,0.0
-1.8368594879042195,-0.0,1.0
-1.3184365017642667,-0.0,1.0
0.6969765312605152,-0.0,0.0
0.31194565874253133,-0.0,1.0
1.4814370182834535,1.0,0.0
1.0772215714273967,-0.0,0.0
0.533803280047648,1.0,0.0
-2.648335687409352,-0.0,1.0
-0.16623858118046597,-0.0,1.0
1.9532789065178133,-0.0,0.0
-3.2730280824222917,1.0,1.0
1.6374780859268439,1.0,0.0
1.959864345313183,1.0,0.0
-2.3048086544416027,-0.0,1.0
-0.6100270329925541,-0.0,1.0
-1.540456366588466,-0.0,1.0
-0.45670972466077775,-0.0,1.0
0.1470068920925759,-0.0,0.0
-0.26572571452114024,1.0,0.0
-2.4712683920434655,-0.0,1.0
2.1368999327660303,1.0,0.0
-2.1585518486806152,-0.0,1.0
1.635326854037292,1.0,0.0
-0.7899900724868463,-0.0,1.0
-1.8836795185401103,1.0,1.0
-0.655350040348047,-0.0,1.0
0.5574115565241977,-0.0,1.0
0.7577196515437783,-0.0,1.0
-2.542719174524581,-0.0,1.0
-1.4889396912607045,-0.0,0.0
-2.3894989439321925,-0.0,1.0
1.9027223548488068,-0.0,0.0
-1.165109957856293,-0.0,1.0
-1.6227672829358009,1.0,1.0
0.36469756280214494,-0.0,1.0
