d,w
1,100
1,142
1,71
1,26
1,222
1,151
1,14
1,15
1,68
1,18
1,21
1,22
1,69
1,109
1,167
1,209
1,70
1,203
1,104
1,103
1,102
1,137
1,45
1,46
1,163
1,51
1,213
1,150
1,259
1,32
1,31
1,30
1,52
1,25
1,44
1,20
1,16
1,194
1,139
1,61
1,11
1,53
1,10
1,117
1,19
1,50
1,34
1,48
1,49
2,178
2,35
2,187
2,45
2,46
2,217
2,100
2,131
2,132
2,14
2,18
2,19
2,20
2,21
2,51
2,24
2,22
2,31
2,32
2,246
2,136
2,33
2,30
2,220
2,245
2,55
2,26
2,25
2,34
3,98
3,25
3,27
3,55
3,102
3,103
3,104
3,109
3,46
3,45
3,51
3,96
3,95
3,24
3,97
3,176
3,42
3,22
3,180
3,19
3,140
3,49
3,50
3,52
3,53
3,247
3,115
3,21
3,146
3,175
3,230
3,160
3,147
3,248
3,70
3,249
3,250
3,2
3,18
3,16
3,14
3,44
3,23
3,6
3,33
3,5
4,24
4,98
4,163
4,69
4,22
4,21
4,20
4,14
4,114
4,55
5,21
5,53
5,15
5,16
5,17
5,18
5,19
5,22
5,69
5,63
5,24
5,23
5,25
5,26
5,27
5,114
5,42
5,48
5,49
5,50
5,52
5,98
6,71
6,44
6,54
6,203
6,2
6,202
6,4
6,46
6,51
6,14
6,15
6,16
6,17
6,18
6,63
6,19
6,21
6,22
6,98
6,114
6,70
6,75
6,42
6,20
6,38
6,45
6,25
6,157
6,5
6,6
6,122
6,270
6,49
6,55
6,3
6,52
6,50
6,37
6,47
6,35
6,33
6,100
6,69
6,23
6,53
7,231
7,5
7,175
7,158
7,146
7,3
7,4
7,124
7,139
7,104
7,103
7,102
7,55
7,98
7,19
7,157
7,68
7,18
7,35
7,109
7,194
7,44
7,45
7,46
7,59
7,51
7,15
8,281
8,42
8,279
8,33
8,278
8,55
8,47
8,206
8,276
8,45
8,46
8,51
8,14
8,98
8,19
8,20
8,21
8,22
8,24
8,16
9,89
9,88
9,87
9,85
9,78
9,82
9,233
9,91
9,257
9,83
9,93
9,163
9,77
9,46
9,51
9,256
9,54
9,15
9,16
9,17
9,18
9,72
9,21
9,22
9,24
9,25
9,26
9,30
9,31
9,32
9,34
9,35
9,41
9,44
9,45
9,37
9,19
9,84
9,90
9,80
9,81
9,86
9,92
9,2
9,3
9,4
9,157
9,5
9,13
9,97
9,64
9,38
9,95
9,67
9,76
9,73
9,216
9,96
9,287
9,74
9,124
10,38
10,16
10,49
10,205
10,50
10,52
10,79
10,14
10,15
10,17
10,69
10,19
10,20
10,21
10,22
10,23
10,24
10,25
10,55
10,114
10,18
10,98
11,31
11,30
11,24
11,18
11,14
11,254
11,70
11,248
11,100
11,172
11,170
11,164
11,109
11,104
11,19
11,103
11,17
11,16
11,68
11,15
11,13
11,286
11,285
11,284
11,117
11,173
11,171
11,102
11,151
11,20
11,22
11,52
11,50
11,49
11,6
11,185
11,38
11,184
11,183
11,42
11,34
11,5
11,21
11,157
11,116
11,115
11,3
11,2
11,79
11,33
11,44
11,113
11,55
11,98
11,163
11,4
11,166
11,253
11,53
11,212
11,211
11,32
12,240
12,80
12,64
12,117
12,34
12,32
12,31
12,33
12,65
12,135
12,27
12,134
12,26
12,90
12,113
12,148
12,237
12,55
12,238
12,20
12,210
12,98
12,163
12,42
12,14
12,110
12,239
12,125
12,97
12,95
12,100
12,51
12,46
12,45
12,77
12,152
12,76
12,24
12,22
12,23
12,25
12,30
12,74
12,67
12,66
12,69
12,149
12,16
12,21
12,19
12,18
12,17
13,55
13,46
13,35
13,45
13,14
13,16
13,19
13,20
13,42
13,98
13,51
13,24
13,18
14,52
14,20
14,19
14,16
14,44
14,5
14,157
14,4
14,116
14,115
14,25
14,50
14,128
14,49
14,42
14,220
14,34
14,212
14,211
14,32
14,55
14,31
14,30
14,98
14,26
15,164
15,16
15,68
15,17
15,137
15,182
15,103
15,104
15,248
15,70
15,79
15,95
15,77
15,76
15,35
15,39
15,109
15,142
15,99
15,73
15,102
15,52
15,50
15,205
15,92
15,96
15,93
15,125
15,44
15,108
15,33
15,101
15,134
15,86
15,46
15,22
15,215
15,84
15,90
15,94
15,54
15,21
15,19
15,18
15,23
15,59
15,81
15,72
15,170
15,49
15,24
15,135
15,6
15,5
15,146
15,157
15,4
15,78
15,2
15,172
15,66
15,45
15,80
15,156
15,51
15,139
15,194
15,64
15,190
15,144
15,71
16,23
16,250
16,264
16,249
16,248
16,22
16,21
16,19
16,18
16,79
16,11
16,44
16,10
16,33
16,56
16,57
16,14
16,20
16,24
16,98
16,114
16,217
16,42
16,8
16,49
16,16
16,52
16,53
16,45
16,46
16,51
16,50
17,48
17,49
17,50
17,52
17,53
17,15
17,68
17,137
17,103
17,172
17,104
17,39
17,109
17,71
17,99
17,144
17,45
17,102
17,129
17,16
17,14
17,21
17,22
17,23
17,24
17,25
17,126
17,127
17,34
17,149
17,152
17,165
17,169
17,170
17,154
17,20
17,19
17,18
17,46
17,164
17,51
17,35
17,139
17,153
17,194
17,142
17,70
18,53
18,63
18,18
18,16
18,68
18,15
18,23
18,52
18,51
18,50
18,49
18,48
18,46
18,21
18,22
18,67
18,19
18,44
18,24
18,25
18,153
18,39
18,143
18,205
18,154
18,99
18,224
18,79
18,12
18,45
19,34
19,139
19,45
19,51
19,46
19,194
19,152
19,155
19,16
19,183
19,19
19,172
19,114
19,55
19,98
19,21
19,129
19,18
19,170
19,44
19,137
19,184
19,109
19,39
19,185
19,164
19,104
19,102
19,20
19,68
19,15
19,25
19,149
19,148
19,63
19,62
19,14
19,38
20,16
20,59
20,45
20,47
20,42
20,24
20,19
20,55
20,22
20,21
20,147
20,51
21,58
21,281
21,31
21,98
21,54
21,23
21,21
21,19
21,206
21,44
21,30
21,278
21,34
21,279
21,55
21,24
21,32
22,79
22,49
22,128
22,246
22,32
22,31
22,30
22,55
22,34
22,205
22,33
22,50
22,212
22,44
22,26
22,206
22,19
22,20
22,24
22,25
22,52
23,19
23,206
23,47
23,24
23,98
23,55
23,100
23,23
23,30
23,51
23,46
23,45
23,44
23,159
23,34
23,32
23,31
23,21
24,55
24,48
24,49
24,205
24,255
24,50
24,114
24,53
24,79
24,42
24,109
24,52
24,98
24,10
24,25
24,249
24,70
24,248
24,173
24,171
24,168
24,167
24,33
24,166
24,164
24,170
24,172
24,15
24,68
24,18
24,163
24,137
24,102
24,103
24,104
24,35
24,11
24,61
24,250
24,26
24,23
24,22
24,21
24,20
24,19
24,17
24,16
24,14
24,24
24,45
24,51
24,46
25,25
25,98
25,18
25,21
25,20
25,19
25,17
25,22
25,55
25,49
25,38
25,45
25,46
25,117
25,50
25,52
25,53
25,33
25,173
25,171
25,166
25,44
25,284
25,285
25,51
25,286
25,42
25,48
25,63
25,16
26,18
26,123
26,193
26,139
26,51
26,46
26,45
26,44
26,159
26,55
26,22
26,21
26,19
26,261
26,16
26,264
26,271
26,194
26,25
26,263
26,262
27,24
27,26
27,22
27,21
27,19
27,114
27,199
27,42
27,159
27,147
27,45
27,47
27,51
27,98
27,25
28,45
28,140
28,12
28,99
28,142
28,109
28,39
28,104
28,103
28,102
28,137
28,68
28,46
28,51
28,48
28,14
28,49
28,50
28,52
28,53
28,27
28,44
28,66
28,16
28,18
28,19
28,20
28,21
28,22
28,23
28,63
28,25
28,26
28,159
28,225
28,17
28,15
28,54
28,24
28,144
28,139
28,209
29,6
29,5
29,4
29,3
29,157
29,160
29,2
30,45
30,41
30,55
30,114
30,98
30,24
30,35
30,20
30,34
30,18
30,16
30,14
30,156
30,154
30,140
30,124
30,46
30,19
30,51
31,55
31,30
31,31
31,32
31,267
31,266
31,281
31,156
31,24
31,34
31,23
31,47
31,19
31,21
31,206
31,276
31,278
31,279
31,33
31,45
31,46
31,51
31,113
31,59
32,32
32,163
32,69
32,20
32,68
32,15
32,14
32,149
32,148
32,129
32,31
32,30
32,137
32,294
32,171
32,173
32,156
32,16
32,18
32,21
32,23
32,24
32,25
32,34
32,26
32,170
32,165
32,164
32,195
32,125
32,265
32,136
32,225
32,118
32,27
32,172
32,166
32,22
32,151
32,102
32,103
32,104
32,203
32,70
32,209
32,167
32,109
32,71
32,19
32,152
32,142
32,46
32,49
32,48
32,50
32,53
32,52
32,45
32,51
33,143
33,154
33,108
33,125
33,16
33,172
33,45
33,67
33,170
33,153
33,164
33,22
33,21
33,46
33,20
33,134
33,101
33,30
33,31
33,32
33,34
33,169
33,117
33,18
33,48
33,49
33,50
33,52
33,53
33,51
33,19
34,164
34,69
34,23
34,25
34,134
34,101
34,153
34,172
34,170
34,169
34,22
34,125
34,99
34,108
34,33
34,140
34,21
34,143
34,18
34,17
34,16
34,15
34,5
34,146
34,4
34,59
34,51
34,117
34,45
34,109
34,35
34,104
34,103
34,102
34,160
34,157
34,154
34,19
34,46
34,206
35,52
35,48
35,49
35,50
35,25
35,53
35,66
35,156
35,59
35,16
35,18
35,22
35,19
35,63
35,44
36,125
36,277
36,120
36,33
36,34
36,276
36,118
36,16
36,17
36,281
36,101
36,22
36,294
36,265
36,21
36,44
36,136
36,134
36,138
36,32
36,31
36,30
36,141
37,8
37,176
37,96
37,95
37,97
37,7
37,11
37,3
37,160
37,45
37,46
37,51
37,4
37,1
37,157
37,230
37,10
37,175
37,2
37,6
37,15
37,68
37,18
37,19
37,180
37,98
37,102
37,103
37,104
37,35
37,146
37,109
37,55
37,5
38,5
38,6
38,103
38,102
38,55
38,98
38,20
38,19
38,104
38,18
38,15
38,14
38,2
38,149
38,148
38,129
38,68
38,35
38,109
38,152
38,4
38,3
38,1
38,157
38,146
38,181
38,179
38,160
38,51
38,230
38,180
38,175
38,117
38,46
38,45
39,220
39,34
39,212
39,129
39,148
39,149
39,152
39,164
39,153
39,33
39,170
39,143
39,154
39,172
39,169
39,109
39,71
39,144
39,48
39,49
39,50
39,52
39,53
39,211
39,104
40,44
40,16
40,50
40,49
40,18
40,34
40,69
40,19
40,48
40,167
40,53
40,52
41,288
41,133
41,34
41,42
41,22
41,20
41,14
41,126
41,127
41,33
41,131
41,132
41,256
41,35
41,45
41,114
41,51
41,117
41,46
41,98
42,44
42,42
42,124
42,55
42,98
42,22
42,20
42,15
43,70
43,18
43,19
43,21
43,22
43,102
43,137
43,16
43,103
43,25
43,68
43,45
43,51
43,46
43,104
43,58
43,156
43,54
43,50
43,52
43,53
43,63
43,15
43,248
43,249
43,24
43,38
43,185
43,26
43,8
43,174
43,10
43,11
43,117
43,35
43,184
43,30
43,32
43,34
43,41
43,44
43,49
43,250
43,74
43,109
43,31
43,183
44,149
44,238
44,85
44,83
44,86
44,72
44,14
44,53
44,82
44,15
44,68
44,20
44,93
44,80
44,81
44,143
44,48
44,49
44,225
44,51
44,46
44,45
44,44
44,25
44,98
44,66
44,23
44,21
44,19
44,18
44,17
44,16
44,63
44,62
44,97
44,182
44,95
44,94
44,92
44,90
44,22
44,74
44,67
44,164
44,69
44,87
44,88
44,91
44,96
44,210
44,64
44,55
44,137
44,102
44,103
44,104
44,33
44,70
44,35
44,39
44,109
44,71
44,142
44,172
44,152
44,99
44,144
44,139
44,153
44,169
44,194
44,65
44,215
44,84
44,78
44,52
44,148
44,129
44,237
44,50
45,95
45,44
45,49
45,128
45,50
45,52
45,14
45,35
45,15
45,16
45,17
45,18
45,41
45,13
45,86
45,19
45,122
45,71
45,64
45,96
45,93
45,78
45,92
45,45
45,76
45,73
45,72
45,234
45,215
45,84
45,77
45,80
45,81
45,55
45,20
45,21
45,22
45,98
45,207
45,34
45,38
45,70
45,293
45,75
45,42
45,208
45,120
45,25
45,292
46,23
46,69
46,55
46,101
46,113
46,100
46,22
46,98
46,21
46,129
46,19
46,18
46,17
46,16
46,14
46,149
46,95
46,20
46,90
46,24
46,241
46,64
46,210
46,51
46,215
46,45
46,122
46,65
46,152
46,110
46,108
46,34
46,32
46,31
46,30
46,42
46,35
46,46
46,82
46,240
46,80
46,11
46,10
46,8
46,7
46,111
46,107
46,89
46,93
46,83
46,105
46,85
46,87
46,88
46,25
46,91
47,34
47,42
47,30
47,33
47,44
47,186
47,132
47,20
47,98
47,114
47,32
47,14
48,30
48,205
48,211
48,212
48,207
48,218
48,219
48,34
48,32
48,70
48,292
48,293
48,220
48,204
48,42
48,208
48,38
48,49
48,31
48,26
48,50
48,52
48,79
48,44
48,14
48,15
48,114
48,16
48,18
48,19
48,20
48,22
48,98
48,25
48,17
48,202
49,34
49,42
49,38
49,184
49,183
49,44
49,55
49,98
49,22
49,21
49,185
49,19
49,206
49,30
49,31
49,32
49,18
50,35
50,22
50,45
50,21
50,58
50,18
50,46
50,26
50,8
50,19
50,174
50,10
50,11
50,49
50,50
50,52
50,51
50,25
50,12
50,27
50,16
50,20
50,42
50,33
50,55
50,53
51,131
51,33
51,42
51,114
51,98
51,20
51,19
51,18
51,67
51,14
51,140
51,154
51,21
51,133
51,55
51,178
51,34
51,44
51,161
51,132
51,143
52,18
52,19
52,21
52,22
52,23
52,98
52,55
52,28
52,42
52,45
52,46
52,51
52,16
52,14
52,100
52,154
52,169
52,140
52,164
52,172
52,170
52,143
53,53
53,6
53,115
53,54
53,116
53,14
53,16
53,17
53,19
53,20
53,23
53,98
53,55
53,52
53,50
53,2
53,48
53,63
53,28
53,4
53,146
53,5
53,49
53,42
54,34
54,44
54,102
54,103
54,104
54,35
54,109
54,71
54,30
54,152
54,32
54,26
54,25
54,33
54,23
54,22
54,21
54,19
54,18
54,17
54,129
54,149
54,15
54,68
54,137
54,31
54,99
54,84
54,156
54,69
54,24
54,98
54,55
54,42
54,210
54,64
54,80
54,215
54,100
54,95
54,96
54,97
54,54
54,59
54,49
54,50
54,52
54,53
54,66
54,16
54,27
54,20
54,51
54,46
54,45
54,48
54,144
54,255
54,128
55,103
55,33
55,104
55,129
55,102
55,137
55,118
55,55
55,26
55,25
55,98
55,34
55,24
55,21
55,20
55,18
55,16
55,68
55,15
55,14
55,44
55,100
55,53
55,22
55,139
55,52
55,109
55,194
55,41
55,99
55,45
55,46
55,51
55,35
56,23
56,25
56,48
56,53
56,52
56,49
56,50
56,22
56,79
56,14
56,63
56,21
56,34
56,151
56,200
56,32
56,31
56,30
56,114
56,98
56,17
56,19
56,20
56,24
56,42
56,16
56,18
57,42
57,69
57,22
57,21
57,20
57,19
57,18
57,23
57,98
57,55
57,16
57,14
57,206
57,25
57,24
58,256
58,117
58,14
58,50
58,15
58,16
58,18
58,19
58,20
58,21
58,283
58,145
58,53
58,52
58,22
58,54
58,13
58,253
58,30
58,206
58,215
58,81
58,80
58,77
58,172
58,76
58,170
58,73
58,164
58,96
58,72
58,93
58,91
58,69
58,89
58,87
58,85
58,35
58,45
58,46
58,51
58,17
58,44
58,125
58,83
58,82
58,78
58,32
58,31
58,88
58,24
58,66
58,25
58,86
58,90
58,92
58,84
58,95
58,182
58,97
58,7
58,9
58,10
58,11
58,8
58,42
58,41
58,98
58,26
58,124
58,27
58,55
58,49
58,34
59,286
59,17
59,22
59,124
59,48
59,66
59,49
59,285
59,21
59,284
59,55
59,144
59,71
59,104
59,34
59,150
59,45
59,16
59,19
59,69
59,25
59,35
59,44
59,117
59,46
59,98
59,63
59,53
59,52
59,50
59,109
59,51
59,8
59,79
59,10
59,18
59,15
59,11
59,174
59,59
60,12
60,53
60,52
60,50
60,62
60,45
60,33
60,46
60,51
60,15
60,68
60,24
60,98
60,55
60,16
60,19
60,49
60,21
60,22
60,69
60,38
60,25
60,18
61,35
61,147
61,7
61,8
61,11
61,60
61,34
61,264
61,250
61,248
61,70
61,249
61,226
61,49
61,50
61,52
61,126
61,47
61,53
61,42
61,55
61,98
61,22
61,21
61,25
61,16
61,14
61,156
61,51
61,46
61,20
61,45
62,69
62,23
62,98
62,25
62,70
62,75
62,22
62,44
62,55
62,21
62,156
62,19
62,18
62,17
62,16
62,15
62,14
62,54
62,63
62,145
62,58
62,20
62,33
62,11
62,200
62,38
62,253
62,49
62,50
62,52
62,255
62,79
62,8
62,174
62,10
62,53
62,26
63,120
63,202
63,276
63,119
63,30
63,16
63,98
63,47
63,32
63,121
63,31
63,149
63,243
63,129
63,148
63,237
63,238
63,46
63,14
63,15
63,68
63,280
63,45
63,51
63,296
63,34
63,109
63,71
63,278
63,279
63,42
63,33
63,18
63,21
63,22
63,69
63,23
63,24
63,25
63,19
63,282
63,114
63,295
63,122
63,144
63,125
63,152
64,15
64,124
64,38
64,35
64,55
64,70
64,75
64,42
64,256
64,45
64,46
64,24
64,22
64,21
64,19
64,51
64,16
64,54
64,17
64,18
65,46
65,16
65,68
65,15
65,47
65,79
65,52
65,50
65,49
65,100
65,151
65,24
65,163
65,51
65,22
65,21
65,17
65,18
65,23
65,137
65,45
65,224
65,19
65,142
65,109
65,39
65,99
65,70
65,248
65,104
65,103
65,102
65,35
66,38
66,22
66,200
66,44
66,16
66,17
66,18
66,19
66,21
66,69
66,25
66,24
66,98
66,120
66,109
66,35
66,104
66,102
66,68
66,15
66,100
66,23
66,51
66,34
66,99
66,134
66,27
66,55
66,150
66,208
66,224
66,45
66,46
67,132
67,14
67,20
67,24
67,98
67,114
67,146
67,186
67,5
67,4
67,157
67,175
67,158
67,2
67,42
68,164
68,100
68,170
68,125
68,44
68,55
68,27
68,16
68,134
68,26
68,25
68,23
68,22
68,169
68,21
68,18
68,206
68,34
68,127
68,126
68,70
68,248
68,243
68,51
68,172
68,19
68,17
69,163
69,20
69,120
69,114
69,98
69,22
69,21
69,51
69,47
69,46
69,45
69,278
69,33
69,276
69,147
69,14
69,42
70,207
70,17
70,16
70,218
70,98
70,55
70,18
70,202
70,19
70,219
70,203
70,208
70,42
70,204
70,38
70,70
70,34
71,23
71,24
71,25
71,48
71,225
71,27
71,55
71,69
71,26
71,22
71,18
71,20
71,63
71,100
71,49
71,50
71,52
71,53
71,21
71,14
71,60
71,11
71,10
71,16
71,17
71,61
71,19
71,15
71,98
72,25
72,156
72,22
72,16
72,17
72,18
72,33
72,55
72,125
72,134
72,26
72,27
72,21
72,98
72,24
72,163
72,23
72,69
72,19
72,206
73,46
73,49
73,50
73,51
73,52
73,53
73,288
73,18
73,17
73,16
73,15
73,35
73,256
73,41
73,19
73,45
73,124
73,100
73,42
73,22
73,69
73,23
73,21
73,98
73,114
73,34
73,24
74,212
74,49
74,52
74,211
74,32
74,31
74,30
74,178
74,114
74,50
74,98
74,42
74,220
74,34
74,25
74,79
74,20
74,206
74,19
74,14
74,54
75,20
75,14
75,271
75,194
75,263
75,262
75,261
75,139
75,21
75,24
75,42
75,114
75,193
75,98
76,44
76,166
76,171
76,279
76,119
76,120
76,55
76,123
76,30
76,173
76,121
76,34
76,276
76,278
76,50
76,197
76,24
76,98
76,25
76,26
76,114
76,33
76,42
76,53
76,52
76,19
76,51
76,46
76,45
76,200
76,38
76,35
76,282
76,122
76,280
76,41
76,49
77,163
77,54
77,25
77,16
77,188
77,26
77,55
77,120
77,33
77,278
77,279
77,24
77,44
77,42
77,69
77,22
77,21
77,19
77,18
77,98
77,14
77,282
77,66
78,45
78,98
78,25
78,24
78,69
78,22
78,21
78,19
78,18
78,276
78,16
78,15
78,227
78,42
78,34
78,185
78,55
78,46
78,68
78,119
78,120
78,121
78,38
78,184
78,183
78,63
78,33
78,206
78,254
78,253
78,281
78,267
78,266
78,122
78,20
78,279
78,278
78,39
78,138
78,48
78,49
78,23
78,14
78,53
78,52
78,51
78,50
79,142
79,55
79,203
79,153
79,143
79,58
79,66
79,44
79,15
79,68
79,129
79,20
79,149
79,53
79,69
79,30
79,31
79,32
79,137
79,102
79,103
79,104
79,34
79,148
79,52
79,50
79,49
79,152
79,62
79,23
79,24
79,139
79,35
79,109
79,71
79,194
79,99
79,144
79,45
79,46
79,33
79,51
79,16
79,17
79,18
79,19
79,98
79,21
79,172
79,22
79,25
79,63
79,248
79,70
79,48
79,151
79,218
80,18
80,52
80,17
80,16
80,15
80,243
80,79
80,19
80,134
80,125
80,49
80,205
80,50
80,22
81,59
81,16
81,17
81,18
81,21
81,22
81,24
81,25
81,26
81,19
81,228
81,100
81,54
81,123
81,45
81,46
81,51
82,205
82,18
82,17
82,16
82,53
82,52
82,50
82,49
82,48
82,14
82,20
82,22
82,34
82,23
82,24
82,98
82,25
82,55
82,42
82,191
82,264
82,265
82,128
82,121
82,21
82,258
82,19
82,272
82,154
82,140
82,143
82,153
82,38
82,27
82,250
82,194
82,271
82,249
82,261
82,139
82,193
82,70
82,248
82,26
82,120
82,127
82,262
82,45
82,263
82,51
82,225
82,46
82,28
83,54
83,44
83,24
83,98
83,100
83,34
83,41
83,42
83,15
83,16
83,151
83,14
83,55
83,200
83,21
83,114
83,124
83,143
83,153
83,20
84,42
84,114
84,98
84,24
84,21
84,18
84,20
84,14
85,200
85,13
85,45
85,46
85,51
85,50
85,20
85,35
85,293
85,41
85,49
85,14
85,38
85,66
85,93
85,88
85,87
85,85
85,83
85,82
85,78
85,77
85,76
85,73
85,72
85,94
85,71
85,31
85,30
85,52
85,89
85,91
85,96
85,64
85,164
85,170
85,92
85,32
85,79
85,292
85,16
85,22
85,69
85,23
85,98
85,25
85,15
85,26
85,27
85,55
85,207
85,202
85,203
85,218
85,219
85,34
85,70
85,75
85,204
85,208
85,59
85,145
85,257
85,233
85,235
85,236
85,21
85,19
85,234
85,17
85,18
85,172
85,122
85,95
85,100
85,33
85,97
85,81
85,80
85,86
85,58
85,90
85,84
86,16
86,35
86,54
86,51
86,46
86,48
86,49
86,45
86,53
86,24
86,52
86,55
86,34
86,41
86,42
86,44
86,37
86,98
86,100
87,45
87,208
87,207
87,13
87,172
87,46
87,210
87,30
87,31
87,32
87,71
87,72
87,73
87,76
87,78
87,82
87,83
87,85
87,87
87,88
87,89
87,96
87,170
87,164
87,42
87,75
87,17
87,16
87,15
87,14
87,53
87,52
87,50
87,49
87,48
87,34
87,66
87,216
87,95
87,84
87,215
87,81
87,64
87,127
87,126
87,23
87,41
87,35
87,51
87,18
87,65
87,19
87,293
87,292
87,70
87,55
87,98
87,22
87,21
87,20
88,142
88,33
88,15
88,68
88,70
88,16
88,19
88,137
88,102
88,103
88,104
88,35
88,109
88,45
88,46
88,117
88,51
88,248
88,18
88,17
89,46
89,45
89,158
89,2
89,229
89,116
89,4
89,146
89,51
89,5
89,54
89,156
90,44
90,26
90,25
90,24
90,22
90,21
90,18
90,16
90,100
90,34
90,33
90,19
90,245
91,98
91,25
91,26
91,27
91,31
91,30
91,32
91,150
91,55
91,24
91,33
91,21
91,22
91,44
91,42
91,34
91,100
91,18
91,19
92,293
92,45
92,46
92,51
92,35
92,44
92,15
92,68
92,207
92,16
92,21
92,19
92,18
92,99
92,39
92,124
92,41
92,55
92,25
92,22
92,24
92,34
93,44
93,206
93,54
93,15
93,68
93,98
93,25
93,55
93,30
93,124
93,32
93,276
93,33
93,34
93,39
93,134
93,58
93,19
93,23
93,104
93,109
93,71
93,144
93,45
93,278
93,46
93,51
93,100
93,35
93,99
93,16
93,18
93,21
93,22
93,24
93,279
93,14
93,125
93,42
93,281
94,22
94,62
94,14
94,166
94,171
94,173
94,66
94,33
94,12
94,58
94,16
94,17
94,18
94,21
94,24
94,132
94,42
94,27
94,133
94,97
94,182
94,84
94,90
94,248
94,70
94,249
94,45
94,46
94,117
94,51
94,69
94,95
94,163
94,23
94,26
94,25
94,234
94,72
94,64
94,287
94,73
94,76
94,78
94,81
94,96
94,114
94,55
94,98
94,20
94,19
94,34
94,246
94,44
95,52
95,53
95,50
95,118
95,48
95,38
95,184
95,183
95,63
95,58
95,49
95,19
95,54
95,25
95,33
95,34
95,276
95,114
95,55
95,26
95,119
95,120
95,253
95,278
95,279
95,199
95,41
95,98
95,147
95,254
95,191
95,121
95,21
96,15
96,18
96,44
96,114
96,41
96,34
96,98
96,21
96,16
96,19
96,35
96,45
96,46
96,51
96,151
96,284
96,285
96,286
96,42
96,117
97,82
97,80
97,83
97,85
97,87
97,88
97,89
97,91
97,136
97,73
97,76
97,122
97,191
97,77
97,45
97,273
97,64
97,81
97,90
97,84
97,86
97,92
97,96
97,3
97,234
97,94
97,95
97,97
97,2
97,93
97,6
97,5
97,146
97,4
97,1
97,215
97,129
97,65
97,72
97,78
97,157
97,160
98,45
98,46
98,51
98,54
98,35
98,49
98,98
98,50
98,52
98,53
98,7
98,55
98,15
98,42
98,68
98,9
98,8
98,24
98,69
98,21
98,17
98,16
98,44
98,11
99,98
99,24
99,21
99,20
99,28
99,14
99,132
99,131
99,161
99,33
99,19
99,18
99,26
99,25
99,114
99,225
99,29
99,38
99,153
99,27
99,42
100,128
100,75
100,70
100,207
100,44
100,79
100,52
100,151
100,273
100,5
100,157
100,50
100,49
100,55
100,16
100,4
100,115
100,3
100,33
100,200
100,17
100,26
100,14
100,100
100,24
100,53
100,208
100,54
100,114
100,69
100,15
100,18
100,19
100,145
100,20
100,21
100,22
100,68
100,163
100,255
100,217
100,42
100,25
100,39
100,34
100,133
100,98
100,27
101,42
101,45
101,46
101,32
101,117
101,284
101,114
101,98
101,24
101,20
101,19
101,18
101,285
101,286
101,33
101,51
101,14
101,133
101,30
101,63
101,25
101,22
101,21
101,16
101,34
101,31
102,32
102,31
102,19
102,21
102,23
102,24
102,98
102,55
102,30
102,34
102,44
102,42
103,141
103,127
103,294
103,192
103,126
103,98
103,34
103,26
103,25
103,18
103,19
103,20
103,21
103,22
103,69
103,71
103,55
103,207
103,202
103,203
103,120
103,121
103,108
103,109
103,135
103,17
103,292
103,38
103,49
103,52
103,270
103,122
103,79
103,208
103,16
103,205
103,15
103,212
103,211
103,125
103,293
103,114
103,134
103,14
103,50
104,75
104,15
104,70
104,32
104,31
104,30
104,22
104,21
104,18
104,17
104,16
104,38
104,19
104,34
105,32
105,51
105,55
105,114
105,123
105,30
105,14
105,16
105,31
105,246
105,47
105,45
105,33
105,19
105,20
105,21
105,22
105,100
105,34
105,69
105,24
105,25
105,26
105,18
105,46
106,34
106,42
106,280
106,32
106,124
106,31
106,24
106,114
106,2
106,3
106,4
106,5
106,6
106,161
106,30
106,186
106,156
106,14
106,16
106,18
106,19
106,20
106,21
106,98
106,132
107,41
107,55
107,35
107,16
107,17
107,30
107,124
107,32
107,34
107,44
107,18
107,19
107,22
107,21
107,31
108,54
108,125
108,42
108,101
108,114
108,25
108,26
108,98
108,19
108,18
108,51
108,46
108,45
108,134
108,33
109,45
109,16
109,100
109,124
109,51
109,46
109,227
109,159
109,34
109,120
109,123
109,26
109,25
109,44
109,19
109,22
109,17
109,21
109,69
109,24
109,74
109,145
109,47
109,18
109,98
110,33
110,178
110,49
110,114
110,185
110,48
110,50
110,14
110,98
110,24
110,20
110,184
110,183
110,34
110,52
110,42
110,156
110,53
111,159
111,53
111,52
111,50
111,49
111,23
111,35
111,206
111,51
111,46
111,45
111,254
111,253
111,154
111,143
111,140
111,14
111,16
111,19
111,120
111,41
111,42
111,34
111,33
111,18
111,55
111,204
111,98
111,70
111,21
111,22
111,280
112,98
112,24
112,23
112,55
112,133
112,248
112,34
112,51
112,46
112,45
112,33
112,249
112,20
112,14
112,70
112,53
112,52
112,50
112,49
112,42
112,250
113,4
113,5
113,6
113,113
113,161
113,2
113,42
113,55
113,98
113,24
113,21
113,20
113,14
113,3
113,54
113,35
113,16
113,49
113,50
113,52
113,53
113,63
113,132
113,48
113,131
114,73
114,221
114,69
114,22
114,21
114,19
114,18
114,16
114,15
114,54
114,17
114,44
114,97
114,94
114,84
114,80
114,100
114,96
114,77
114,76
114,23
114,20
114,210
114,95
114,64
114,287
114,98
114,51
114,46
114,45
114,55
115,27
115,26
115,25
115,98
115,163
115,69
115,209
115,70
115,248
115,68
115,14
115,61
115,60
115,11
115,10
115,44
115,59
115,102
115,103
115,202
115,20
115,139
115,137
115,109
115,94
115,95
115,182
115,97
115,45
115,46
115,51
115,63
115,49
115,50
115,52
115,53
115,15
115,16
115,17
115,18
115,19
115,21
115,22
115,23
115,24
115,84
115,55
115,80
115,96
115,194
115,100
115,42
115,48
115,142
115,255
115,205
115,210
115,64
115,73
115,287
115,76
115,77
115,79
115,71
116,46
116,51
116,34
116,207
116,18
116,69
116,22
116,19
116,17
116,55
116,70
116,171
116,173
116,166
116,45
116,38
116,15
116,75
116,16
117,42
117,33
117,62
117,55
117,98
117,14
117,20
117,30
117,100
117,12
117,23
117,32
117,34
118,71
118,79
118,44
118,160
118,1
118,12
118,2
118,157
118,14
118,16
118,17
118,20
118,21
118,98
118,25
118,26
118,55
118,118
118,136
118,4
118,146
118,42
118,5
118,52
118,50
118,18
118,49
118,66
118,22
118,19
119,146
119,104
119,252
119,129
119,103
119,102
119,4
119,19
119,5
119,35
119,1
119,3
119,6
119,55
119,2
119,15
119,68
119,18
119,229
119,98
119,160
119,157
119,51
119,46
119,45
119,109
119,116
120,51
120,17
120,18
120,19
120,21
120,22
120,55
120,45
120,44
120,16
120,46
120,117
120,284
120,285
120,42
120,63
120,25
120,52
120,286
120,48
120,53
120,79
120,164
120,183
120,49
120,170
120,50
120,205
120,172
120,38
121,55
121,54
121,245
121,41
121,34
121,150
121,123
121,27
121,58
121,51
121,208
121,38
121,25
121,26
121,18
121,19
121,21
121,22
121,69
121,24
121,207
121,16
122,32
122,34
122,33
122,26
122,163
122,23
122,14
122,149
122,238
122,237
122,148
122,129
122,152
122,30
122,134
122,282
122,119
122,24
122,122
122,295
122,296
122,268
122,281
122,269
122,125
122,100
122,16
122,18
122,19
122,21
122,22
122,101
122,25
122,39
122,69
122,280
122,224
122,99
122,108
122,121
122,120
122,147
123,18
123,121
123,159
123,147
123,281
123,33
123,45
123,46
123,51
123,14
123,20
123,98
123,55
123,122
123,54
123,139
123,16
123,19
123,21
123,22
123,69
123,23
123,24
123,25
123,276
123,193
123,34
123,271
123,114
123,119
123,120
123,194
123,263
123,262
123,261
123,178
123,206
124,34
124,46
124,20
124,53
124,52
124,50
124,49
124,144
124,109
124,33
124,51
124,104
124,102
124,153
124,70
124,124
124,127
124,207
124,126
124,192
124,103
124,54
124,217
124,16
124,45
124,125
124,44
124,42
124,41
124,136
124,150
124,58
124,27
124,55
124,26
124,25
124,98
124,24
124,23
124,22
124,21
124,19
124,18
124,134
125,42
125,55
125,98
125,24
125,21
125,33
125,14
125,127
125,195
125,34
125,19
125,18
125,20
125,126
125,35
125,45
125,207
125,23
125,51
125,117
125,46
126,160
126,35
126,109
126,194
126,180
126,230
126,45
126,46
126,2
126,139
126,3
126,4
126,157
126,175
126,6
126,51
126,104
126,103
126,102
126,129
126,149
126,14
126,1
126,151
126,152
126,5
126,68
126,18
126,19
126,20
126,98
126,55
126,15
127,45
127,54
127,51
127,46
127,44
127,100
127,20
127,35
127,14
127,16
127,17
127,18
127,21
127,24
127,55
127,217
127,30
127,98
127,32
127,34
127,33
127,31
127,26
127,150
127,22
127,19
127,41
127,25
128,129
128,252
128,5
128,157
128,160
128,2
128,3
128,6
128,4
129,46
129,25
129,30
129,31
129,32
129,54
129,44
129,73
129,51
129,21
129,19
129,18
129,17
129,16
129,97
129,95
129,76
129,65
129,64
129,96
129,89
129,41
129,45
129,34
129,24
130,14
130,144
130,45
130,46
130,51
130,100
130,48
130,49
130,50
130,53
130,255
130,52
130,79
130,139
130,194
130,15
130,68
130,22
130,23
130,24
130,39
130,17
130,18
130,19
130,21
130,25
130,26
130,27
130,99
130,119
130,142
130,209
130,129
130,148
130,237
130,238
130,149
130,69
130,163
130,98
130,134
130,55
130,118
130,114
130,101
130,202
130,33
130,108
130,71
130,245
130,152
130,126
130,127
130,137
130,102
130,103
130,104
130,34
130,70
130,109
130,120
130,16
130,138
130,125
130,121
131,70
131,35
131,167
131,109
131,71
131,142
131,170
131,172
131,45
131,46
131,49
131,50
131,51
131,12
131,10
131,61
131,48
131,255
131,34
131,164
131,203
131,104
131,100
131,14
131,15
131,68
131,18
131,19
131,20
131,21
131,22
131,69
131,163
131,25
131,26
131,30
131,31
131,32
131,137
131,102
131,103
131,52
131,53
131,11
132,82
132,239
132,125
132,277
132,122
132,281
132,49
132,50
132,52
132,129
132,21
132,24
132,98
132,55
132,109
132,76
132,93
132,167
132,210
132,64
132,65
132,100
132,80
132,240
132,215
132,90
132,95
132,97
132,54
132,152
132,35
132,77
132,33
132,149
132,14
132,18
132,20
132,238
132,237
132,51
132,148
132,89
132,88
132,87
132,85
132,34
132,83
132,91
132,47
132,19
132,45
132,202
132,103
132,46
132,32
132,31
132,30
132,79
132,102
132,241
133,46
133,47
133,51
133,200
133,151
133,16
133,18
133,19
133,25
133,212
133,34
133,26
133,55
133,178
133,30
133,32
133,211
133,45
133,162
133,220
133,31
133,35
133,20
133,69
133,17
133,21
133,22
133,24
133,98
133,114
133,33
133,42
133,163
133,14
134,131
134,42
134,33
134,132
134,14
134,69
134,21
134,17
134,24
134,51
134,46
134,16
134,15
134,255
134,100
134,156
134,63
134,53
134,52
134,50
134,49
134,114
134,48
134,125
134,108
134,34
134,133
134,205
134,55
134,101
134,79
134,98
134,23
134,22
134,20
134,19
134,18
134,134
134,45
135,55
135,18
135,17
135,21
135,59
135,206
135,44
135,16
135,19
135,69
135,23
136,20
136,12
136,42
136,121
136,120
136,119
136,55
136,98
136,24
136,21
136,17
136,16
136,53
136,50
136,49
136,48
136,172
136,154
136,143
136,170
136,169
136,153
136,165
136,164
136,52
137,34
137,33
137,199
137,21
137,19
137,35
137,120
137,41
137,32
137,22
137,30
137,31
138,21
138,50
138,52
138,98
138,49
138,25
138,272
138,127
138,48
138,14
138,15
138,16
138,17
138,18
138,19
138,20
138,34
138,53
138,22
138,23
139,35
139,156
139,145
139,62
139,63
139,66
139,16
139,18
139,19
139,45
139,46
139,51
139,59
139,74
139,44
139,21
140,150
140,186
140,22
140,69
140,132
140,27
140,25
140,20
140,21
140,26
140,98
140,114
140,33
140,42
140,24
140,18
140,16
140,14
140,54
140,34
140,161
140,41
140,44
140,19
141,51
141,225
141,16
141,206
141,15
141,26
141,44
141,22
141,138
141,45
141,281
141,122
141,108
141,163
141,101
141,28
141,114
141,27
141,46
141,172
141,140
141,98
141,125
141,134
141,25
141,24
141,23
141,19
141,154
141,18
141,17
141,21
141,143
141,38
141,14
141,68
141,20
141,39
141,47
141,164
141,69
141,169
141,170
141,42
141,55
142,14
142,51
142,46
142,45
142,172
142,109
142,139
142,170
142,13
142,48
142,15
142,68
142,20
142,163
142,195
142,137
142,102
142,103
142,104
142,164
142,194
142,209
142,22
142,34
142,53
142,52
142,24
142,16
142,18
142,19
142,21
142,188
142,55
142,25
142,50
142,49
142,145
143,15
143,6
143,180
143,14
143,68
143,35
143,19
143,20
143,98
143,55
143,102
143,103
143,104
143,18
143,45
143,146
143,117
143,5
143,109
143,46
143,2
143,3
143,4
143,157
143,160
143,51
143,1
143,273
144,204
144,70
144,49
144,128
144,205
144,50
144,52
144,79
144,18
144,30
144,31
144,32
144,259
144,34
144,3
144,21
144,157
144,214
144,265
144,6
144,4
144,146
144,5
144,100
144,213
144,19
145,259
145,34
145,11
145,10
145,31
145,45
145,46
145,49
145,50
145,51
145,52
145,53
145,174
145,18
145,21
145,22
145,44
145,213
145,23
145,24
145,25
145,26
145,30
145,19
145,8
145,32
146,19
146,122
146,270
146,14
146,22
146,208
146,104
146,218
146,42
146,38
146,34
146,207
146,32
146,31
146,30
146,55
146,98
146,69
146,219
146,70
146,18
146,71
146,75
146,15
146,16
146,17
146,144
146,21
147,70
147,35
147,169
147,60
147,170
147,10
147,172
147,154
147,143
147,49
147,153
147,50
147,52
147,53
147,63
147,61
147,48
147,30
147,46
147,25
147,21
147,19
147,18
147,16
147,129
147,149
147,15
147,68
147,17
147,22
147,51
147,69
147,109
147,71
147,44
147,152
147,144
147,164
147,142
147,31
147,32
147,34
147,45
147,104
147,11
148,205
148,53
148,63
148,79
148,255
148,143
148,21
148,22
148,25
148,19
148,44
148,16
148,18
148,48
148,49
148,50
148,52
148,27
149,151
149,42
149,55
149,98
149,22
149,21
149,19
149,200
149,18
150,146
150,223
150,273
150,15
150,68
150,18
150,20
150,55
150,118
150,137
150,102
150,104
150,35
150,4
150,109
150,157
150,158
150,175
150,5
150,6
150,1
150,46
150,45
150,2
150,194
150,139
150,51
151,5
151,15
151,100
151,6
151,42
151,149
151,3
151,30
151,4
151,68
151,102
151,103
151,104
151,35
151,175
151,2
151,152
151,34
151,160
151,45
151,46
151,51
151,157
151,109
151,161
151,32
151,132
151,129
151,148
151,16
151,17
151,18
151,19
151,186
151,21
151,14
151,20
151,23
151,24
151,98
151,55
151,1
151,22
152,71
152,55
152,104
152,75
152,44
152,144
152,15
152,16
152,17
152,18
152,19
152,22
152,23
152,163
152,24
152,98
152,25
152,70
152,21
152,63
153,20
153,163
153,51
153,50
153,49
153,46
153,45
153,191
153,142
153,53
153,109
153,70
153,104
153,68
153,18
153,19
153,103
153,102
153,137
153,35
153,139
153,52
153,100
153,255
153,24
153,25
153,194
153,188
153,22
153,27
153,48
153,15
153,14
153,13
154,79
154,20
154,23
154,28
154,52
154,45
154,63
154,62
154,18
154,17
154,16
154,14
154,46
154,19
154,21
154,22
154,51
154,285
154,284
154,286
154,48
154,53
154,117
154,26
154,44
154,49
154,25
154,50
155,44
155,55
155,20
155,98
155,114
155,12
155,16
155,18
155,19
155,21
155,22
155,14
155,23
155,49
155,50
155,24
155,25
155,52
155,79
156,44
156,16
156,18
156,19
156,21
156,22
156,25
156,26
156,246
156,34
156,12
156,58
156,24
157,149
157,16
157,148
157,79
157,129
157,255
157,30
157,205
157,171
157,163
157,69
157,22
157,21
157,18
157,68
157,15
157,194
157,53
157,51
157,50
157,49
157,48
157,46
157,45
157,25
157,20
157,52
157,19
157,139
157,61
157,31
157,32
157,137
157,102
157,103
157,104
157,203
157,34
157,166
157,70
157,167
157,109
157,71
157,142
157,152
157,10
157,11
157,60
157,35
157,26
157,14
157,173
158,38
158,102
158,103
158,104
158,139
158,35
158,109
158,194
158,99
158,45
158,46
158,117
158,51
158,12
158,16
158,17
158,18
158,19
158,21
158,22
158,25
158,26
158,34
158,44
158,24
158,137
158,55
158,98
158,23
158,69
158,20
158,68
158,15
159,264
159,18
159,16
159,14
159,53
159,52
159,50
159,49
159,51
159,46
159,45
159,194
159,263
159,261
159,139
159,193
159,19
159,20
160,14
160,20
160,21
160,38
160,19
160,18
160,17
160,16
160,131
160,53
160,52
160,50
160,49
160,48
160,173
160,171
160,166
160,153
160,127
160,22
160,69
160,98
160,55
160,58
160,54
160,132
160,125
160,42
160,41
160,34
160,33
160,207
160,119
160,31
160,211
160,246
160,32
160,30
160,212
160,126
161,20
161,21
161,19
161,42
161,98
161,25
161,26
161,55
161,33
161,14
162,45
162,25
162,51
162,46
162,44
162,41
162,34
162,150
162,55
162,69
162,22
162,19
162,18
162,26
162,16
162,54
162,35
162,253
162,33
162,17
163,82
163,78
163,45
163,77
163,76
163,73
163,72
163,31
163,32
163,30
163,253
163,124
163,114
163,83
163,35
163,85
163,42
163,88
163,206
163,54
163,14
163,18
163,19
163,20
163,294
163,21
163,25
163,98
163,24
163,163
163,69
163,22
163,87
163,34
163,16
163,41
163,170
163,96
163,93
163,216
163,91
163,89
163,66
163,172
163,164
163,81
163,215
163,84
163,86
163,92
163,95
163,80
164,48
164,8
164,42
164,132
164,52
164,10
164,50
164,11
164,53
164,63
164,161
164,186
164,41
164,174
164,34
164,51
164,246
164,156
164,4
164,146
164,44
164,54
164,45
164,46
164,117
164,14
164,16
164,18
164,19
164,20
164,21
164,22
164,24
164,98
164,25
164,114
164,33
164,58
164,49
165,48
165,19
165,20
165,21
165,22
165,69
165,23
165,18
165,98
165,55
165,202
165,203
165,218
165,219
165,49
165,25
165,17
165,26
165,15
165,14
165,63
165,205
165,128
165,62
165,70
165,204
165,16
165,50
165,53
165,52
